PaperAngle,PaperStress,VMAngle,VMStress,NguygenAngle,NguyenStress,BoudardAngle,BoudardStress
0.00E+00,0.00E+00,0,0,0,0,0,0
2.79E-01,1.46E+08,0.013137382,9131505.258,0.003753528,2609034.395,0.003753528,2609034.395
3.41E-01,1.56E+08,0.053253367,37013401.38,0.007507058,5218056.344,0.007507058,5218056.344
5.57E-01,1.64E+08,0.156828426,108986635.2,0.011260588,7827053.401,0.011260588,7827053.401
1.08E+00,1.70E+08,0.241334407,167163619.9,0.015014118,10436019.34,0.015014118,10436019.34
1.80E+00,1.75E+08,0.241334407,167163619.9,0.018767651,13044954.17,0.018767651,13044954.17
2.60E+00,1.79E+08,0.241714794,167374577.4,0.022521183,15653889,0.022521183,15653889
3.65E+00,1.83E+08,0.242095639,167575889.4,0.026274716,18262792.71,0.026274716,18262792.71
5.33E+00,1.86E+08,0.242669284,167864633.6,0.030028306,20871665.31,0.030028306,20871665.31
7.31E+00,1.88E+08,0.243531872,168266946.4,0.033781838,23480537.91,0.033781838,23480537.91
8.61E+00,1.88E+08,0.244833575,168791228.8,0.037535376,26089379.39,0.037535376,26089379.39
1.02E+01,1.89E+08,0.246807013,169370273,0.041288909,28698189.76,0.041288909,28698189.76
1.22E+01,1.89E+08,0.249830798,169597099,0.045042447,31306969.02,0.045042447,31306969.02
1.41E+01,1.90E+08,0.254389709,169692309.9,0.048795985,33915623.81,0.048795985,33915623.81
1.65E+01,1.90E+08,0.261232143,169794366.1,0.05254958,36524589.75,0.05254958,36524589.75
2.00E+01,1.90E+08,0.271496051,169946516.9,0.056303291,39133244.55,0.056303291,39133244.55
2.16E+01,1.91E+08,0.286892401,170171787.2,0.060056542,41741899.35,0.060056542,41741899.35
2.32E+01,1.91E+08,0.309987356,170506270,0.063810367,44350554.14,0.063810367,44350554.14
2.48E+01,1.90E+08,0.344630332,171001926.8,0.067563619,46959208.94,0.067563619,46959208.94
2.65E+01,1.90E+08,0.384681572,171566347.1,0.071317449,49567863.73,0.071317449,49567863.73
2.88E+01,1.90E+08,0.424733671,172123922.2,0.075070706,52176518.53,0.075070706,52176518.53
3.10E+01,1.90E+08,0.464786572,172677452.4,0.078824531,54785173.32,0.078824531,54785173.32
3.28E+01,1.90E+08,0.504839645,173226937.6,0.082577789,57393828.12,0.082577789,57393828.12
3.54E+01,1.90E+08,0.544892947,173773000.3,0.086331619,60002171.77,0.086331619,60002171.77
3.60E+01,1.90E+08,0.584944015,174316573.7,0.090084876,62610826.57,0.090084876,62610826.57
3.65E+01,1.90E+08,0.625001614,174856413.4,0.093838713,65219170.21,0.093838713,65219170.21
3.66E+01,1.86E+08,0.665053599,175394697.4,0.09759197,67827825.01,0.09759197,67827825.01
3.66E+01,1.82E+08,0.705111427,175929247.6,0.101345806,70436168.66,0.101345806,70436168.66
,,0.745177621,176294845.1,0.105099637,73044512.31,0.105099637,73044512.31
,,0.785267936,176518248.5,0.1088529,75652855.96,0.1088529,75652855.96
,,0.825352579,176741029.6,0.112606736,78261510.75,0.112606736,78261510.75
,,0.86543728,176962566.1,0.116359999,80869854.4,0.116359999,80869854.4
,,0.905522037,177182858.1,0.120113841,83478198.05,0.120113841,83478198.05
,,0.945606852,177402838.9,0.123867104,86086230.55,0.123867104,86086230.55
,,0.985691667,177621575.1,0.12762094,88694574.2,0.12762094,88694574.2
,,1.025776539,177839689,0.131374209,91302917.85,0.131374209,91302917.85
,,1.065861411,178057180.6,0.135128051,93911261.5,0.135128051,93911261.5
,,1.105946341,178274049.9,0.13888132,96519294,0.13888132,96519294
,,1.146037057,178490608.1,0.142635162,99127637.65,0.142635162,99127637.65
,,1.186122617,178694720.4,0.146389004,101735670.2,0.146389004,101735670.2
,,1.226216599,178843759.7,0.150142272,104344013.8,0.150142272,104344013.8
,,1.266312014,178965107,0.153896114,106952046.3,0.153896114,106952046.3
,,1.306407715,179079609,0.157649389,109560078.8,0.157649389,109560078.8
,,1.346503416,179193488.7,0.161403236,112168111.3,0.161403236,112168111.3
,,1.386599117,179307368.4,0.165157267,114772410,0.165156505,114776143.8
,,1.426694876,179420625.9,0.168912943,117355239.7,0.168910364,117384176.3
,,1.466790634,179533883.3,0.172673895,119890152.7,0.172664327,119989408.5
,,1.50688645,179646829.6,0.176448713,122283805,0.176419836,122575971.9
,,1.546982208,179759775.9,0.176448713,122283805,0.180179642,125122397.3
,,1.587078024,179872099.9,0.1768291,122493829.1,0.183948387,127581079.3
,,1.627174011,179980067.8,0.177210632,122693585.4,0.187770072,129500232.8
,,1.667270744,180074345.3,0.177784621,122974550.9,0.187770072,129500232.8
,,1.707367877,180159288.4,0.178650131,123352594.3,0.188156762,129641493.5
,,1.747471141,180236452.8,0.179958767,123806246.3,0.188546029,129764707.6
,,1.787568905,180308327.7,0.181955009,124154108.4,0.189131707,129924637.1
,,1.827666783,180378958,0.184997415,124188956.9,0.190016869,130100435
,,1.867770334,180449899.5,0.189561941,124228783.7,0.191362804,130180710.9
,,1.907868212,180520218.7,0.196408729,124288212.7,0.193390445,130205602.6
,,1.947971763,180590849,0.206678654,124376578.4,0.196433137,130234539.3
,,1.988069641,180660857,0.222084171,124508504.7,0.200997491,130277788.7
,,2.02816752,180730865.1,0.245192762,124705149.4,0.207843993,130342818.4
,,2.068271357,180796517,0.279855505,124997316.3,0.218113516,130439273.9
,,2.108369636,180858124.1,0.319929434,125332421.4,0.233517888,130583334.8
,,2.148473817,180917242,0.36000405,125665037.3,0.256624416,130797715
,,2.188572326,180973870.7,0.400078208,125996097.5,0.291284696,131116640.5
,,2.228676736,181027699.1,0.440152996,126326224.3,0.331355416,131482238
,,2.268775531,181079038.3,0.480227842,126654484.2,0.371426881,131845346.3
,,2.30888017,181128510.7,0.520302687,126982121.7,0.411498403,132206276.6
,,2.348984809,181177671.9,0.560377647,127308514.7,0.451569983,132565962.3
,,2.389083719,181226833.1,0.600450946,127634285.4,0.491641677,132923781.1
,,2.429188358,181275683.1,0.640524817,127958811.6,0.531713944,133280977.6
,,2.469287325,181322977.4,0.680604475,128283026.5,0.571788044,133636618.4
,,2.509392193,181368093.7,0.720678404,128606930.3,0.611860426,133991636.9
,,2.549497062,181411965.4,0.76075239,128929278.4,0.651932865,134345410.8
,,2.589596315,181454592.5,0.800826376,129251937.7,0.691999632,134698873.6
,,2.629701298,181496597.3,0.840906149,129573974.6,0.732072186,135050780.6
,,2.669800609,181537668.7,0.880981567,129867074.9,0.772144739,135402687.7
,,2.709905707,181577806.7,0.921074346,130040383.7,0.812217293,135753972.4
,,2.750010804,181616388.9,0.961162026,130201868.9,0.85229655,136086277.2
,,2.790110287,181654348.8,1.001255378,130363042.9,0.892382453,136283233.1
,,2.830215556,181690753,1.041343058,130524216.9,0.932469446,136457786.5
,,2.870320826,181726223.7,1.081436467,130685079.8,0.972562167,136632339.8
,,2.91042621,181760138.7,1.121529876,130845942.7,1.012649217,136806582
,,2.950525922,181793431.4,1.161617556,131006805.6,1.052741938,136980202
,,2.990631363,181826413,1.201710965,131167668.5,1.092828988,137154133
,,3.030736805,181858461.1,1.241804317,131328531.4,1.132921767,137328064.1
,,3.070836574,181890198.1,1.281891997,131489705.5,1.173008816,137501684
,,3.110942072,181921623.9,1.321985406,131650568.4,1.213101595,137675615.1
,,3.151047571,181952738.6,1.362073086,131811431.3,1.253188645,137849546.1
,,3.191153127,181983542.1,1.402166495,131972605.3,1.293281424,138023166
,,3.231253011,182013101,1.442259847,132133779.4,1.333368416,138197097.1
,,3.271358624,182041415.4,1.482347527,132294953.4,1.373461195,138371028.2
,,3.311464352,182068796.3,1.522440936,132456438.6,1.413548244,138545270.4
,,3.351570137,182094932.6,1.562528673,132615123.5,1.453640966,138719201.4
,,3.391675922,182120757.8,1.602623343,132750472.3,1.493728016,138893132.5
,,3.431775978,182145960.7,1.642718929,132866841.2,1.533821769,139047772.5
,,3.47188182,182170852.5,1.682814573,132982587.8,1.573916782,139175342.7
,,3.511987662,182195744.2,1.722910217,133098023.3,1.614012025,139299179.1
,,3.552093505,182220013.7,1.763005861,133213769.9,1.654107268,139422704.4
,,3.592193618,182243972,1.803101447,133329827.7,1.694202453,139546540.8
,,3.632299518,182267308,1.843197034,133446196.6,1.734297696,139670377.2
,,3.672405475,182289710.5,1.88329262,133562565.5,1.774392881,139794524.8
,,3.712511432,182311802,1.923388207,133679245.5,1.814488124,139918983.5
,,3.752617446,182333271.1,1.963483793,133795925.6,1.854583309,140043753.4
,,3.792717731,182354429.1,2.00357938,133912916.8,1.894672765,140168523.2
,,3.832823745,182375275.9,2.043674966,134029596.8,1.934767951,140293293.1
,,3.872929817,182395500.5,2.083770495,134146899.2,1.974863079,140418063
,,3.913035888,182415413.9,2.123866025,134264201.5,2.014958264,140543144
,,3.95314196,182434393.8,2.163961554,134382126.2,2.055053392,140668536.2
,,3.993248146,182453062.6,2.204057083,134500050.8,2.095148578,140794239.5
,,4.033348546,182471109.1,2.244152612,134617664.3,2.135243706,140920253.9
,,4.073454732,182488533.4,2.284248485,134728743.7,2.175338949,141043156.9
,,4.113560918,182505957.6,2.324344759,134831422.1,2.215434707,141156103.2
,,4.153667161,182523070.7,2.364446992,134928188.8,2.255530924,141260026.2
,,4.193773348,182539872.6,2.404543553,135024955.4,2.295627198,141362393.5
,,4.233879591,182556674.5,2.444640113,135121722.1,2.335723472,141464760.8
,,4.273985835,182572854.1,2.484736674,135218488.8,2.375825475,141567128.1
,,4.314092136,182588722.6,2.524833234,135315566.6,2.41592175,141669806.6
,,4.354192707,182603657.7,2.564929737,135412955.5,2.456018024,141772485
,,4.394299008,182618592.7,2.605032028,135510655.6,2.49611424,141875785.8
,,4.434405366,182632905.5,2.645128531,135608355.7,2.536210514,141979086.5
,,4.474511724,182647218.2,2.685225034,135706366.9,2.576306731,142082387.2
,,4.514618082,182660908.7,2.72532148,135804689.3,2.616402948,142186310.3
,,4.55472444,182674599.1,2.765417983,135903011.7,2.656499165,142290233.3
,,4.594830855,182687667.3,2.805514429,136001645.3,2.696595324,142394467.5
,,4.634937271,182700424.3,2.845616605,136100589.9,2.736691541,142498701.7
,,4.675038014,182712559.1,2.885713051,136199845.8,2.77679343,142603558.1
,,4.715144487,182724693.8,2.925809496,136299101.6,2.816889589,142708103.5
,,4.755250959,182736206.2,2.965906,136397112.9,2.856985921,142809848.5
,,4.795357432,182747718.6,3.006002675,136491079.2,2.897082481,142906926.3
,,4.835463905,182759231.1,3.046099522,136581622.9,2.937179156,143000270.3
,,4.875570435,182770121.2,3.08620227,136669366.3,2.977276003,143091747.5
,,4.915676965,182780700.2,3.126299289,136756798.6,3.017378523,143183535.8
,,4.955783495,182790968,3.166396308,136844230.8,3.057475312,143275324.1
,,4.995890082,182800924.7,3.20649327,136932285.4,3.097572102,143367423.5
,,5.035996669,182810570.3,3.246596018,137020339.9,3.137668892,143459834.1
,,5.076103199,182819904.7,3.28669298,137108705.6,3.177765624,143552244.7
,,5.116204114,182829239.1,3.326789941,137197071.3,3.217868144,143645277.6
,,5.156310702,182837951.2,3.366886903,137286059.3,3.257964876,143738310.5
,,5.196417346,182846663.3,3.406989537,137375047.3,3.298061608,143831654.6
,,5.236523991,182854753.1,3.447086499,137464657.5,3.338158284,143925309.7
,,5.276630635,182862531.8,3.487183403,137554267.8,3.378255016,144019276.1
,,5.316737337,182869999.3,3.527280307,137644189.2,3.418357421,144113553.6
,,5.356844039,182877466.9,3.567382884,137734421.8,3.458454096,144207831
,,5.396950741,182884312.1,3.607479788,137824654.4,3.498550771,144301797.4
,,5.437057443,182891157.3,3.647576635,137914887,3.538647618,144393896.8
,,5.477164202,182897380.3,3.687673597,138003563.8,3.578744522,144483507.1
,,5.517270961,182903603.2,3.727770673,138090062.6,3.618847213,144571250.5
,,5.557377721,182909515,3.767873536,138175316.8,3.65894429,144657749.3
,,5.59748448,182915115.6,3.807970727,138258704.2,3.699041366,144743937
,,5.637591239,182920094,3.848067917,138342091.5,3.739138385,144830746.9
,,5.677698055,182925072.3,3.888170895,138425478.9,3.779241133,144917556.9
,,5.717804872,182929739.5,3.928268086,138509177.3,3.819338209,145004989.2
,,5.757923205,182934095.6,3.968365277,138593187,3.859435171,145092421.4
,,5.798030021,182937829.3,4.00846241,138677507.8,3.89953219,145180164.8
,,5.838136895,182941563.1,4.048565331,138762139.7,3.939634938,145268219.3
,,5.878243826,182944674.6,4.088662464,138846771.6,3.9797319,145356273.9
,,5.9183507,182947786,4.128759655,138931403.6,4.019828862,145444639.6
,,5.958457631,182950275.2,4.168862518,139016657.8,4.059925823,145533316.4
,,5.998564562,182952453.2,4.208959594,139101912,4.100028514,145622304.4
,,6.03867155,182954009,4.249056728,139187788.5,4.140125476,145711292.4
,,6.078778539,182955253.6,4.289153804,139273665,4.18022238,145800280.4
,,6.118885584,182955875.9,4.32925661,139359852.7,4.220319399,145887712.6
,,6.15899263,182955875.9,4.369353686,139445729.2,4.260422205,145974211.4
,,6.199099676,182955253.6,4.409450819,139530983.4,4.300519281,146059776.8
,,6.239206779,182954320.1,4.44954801,139614681.9,4.340616472,146144408.7
,,6.279313939,182951830.9,4.489650988,139697758.1,4.380713663,146228418.4
,,6.319421156,182948408.3,4.529748236,139779900.9,4.420816526,146312739.2
,,6.359528431,182943741.1,4.569845541,139861421.4,4.460913716,146397059.9
,,6.399635821,182937518.2,4.609948576,139943253,4.50101085,146482003
,,6.439743267,182929117.2,4.650045824,140025395.7,4.541113713,146566946.1
,,6.479850886,182917915.9,4.69014313,140107849.6,4.581210789,146652200.3
,,6.519958562,182904536.6,4.730240378,140190303.5,4.621307923,146738076.8
,,6.56006641,182888357,4.770343355,140273379.7,4.661404999,146823953.4
,,6.600174372,182869688.2,4.810440546,140356455.9,4.701507805,146910141
,,6.640282506,182847596.8,4.850537794,140439843.3,4.741604881,146996328.7
,,6.680390813,182822705,4.890640714,140523541.8,4.781701957,147083138.7
,,6.720499233,182794701.8,4.930737905,140607240.2,4.821798976,147169948.6
,,6.760607826,182762964.8,4.970835096,140691249.9,4.861901782,147256447.4
,,6.800716591,182728116.4,5.010932287,140775570.7,4.901998858,147342323.9
,,6.840825527,182689534.2,5.05103515,140860202.6,4.942095991,147427578.2
,,6.880934635,182647840.5,5.091132341,140944523.4,4.982193125,147512210.1
,,6.921043915,182602101.9,5.131229531,141028221.9,5.022296045,147596530.9
,,6.961153425,182552629.6,5.171332452,141111609.2,5.062393236,147680229.4
,,7.001263049,182499734.6,5.2114297,141194374.3,5.102490427,147763927.9
,,7.041372902,182443105.9,5.251526948,141276517,5.142593347,147847937.5
,,7.081482927,182382743.4,5.291624253,141358659.8,5.182690538,147932258.3
,,7.121593124,182318336.1,5.331727288,141440491.4,5.222787671,148016890.2
,,7.161703665,182248016.9,5.371824536,141522634.1,5.262884805,148101522.1
,,7.201814091,182178942.3,5.411921842,141604776.9,5.302987668,148186776.4
,,7.241924861,182103955.9,5.452024819,141687541.9,5.343084802,148272030.6
,,7.282093041,182025546.9,5.492122068,141770307,5.383181935,148357596
,,7.322204155,181943404.2,5.532219258,141853694.3,5.423279011,148443472.5
,,7.362315383,181858149.9,5.572316506,141937081.7,5.463381817,148529660.1
,,7.402426783,181770095.4,5.612419427,142020469,5.503478893,148615847.8
,,7.442538298,181678929.4,5.652516618,142104478.7,5.543575969,148701724.3
,,7.482649984,181584651.9,5.692613808,142188488.3,5.583673046,148787600.8
,,7.522761785,181488196.4,5.732710942,142272809.1,5.623775909,148873166.2
,,7.562873759,181389251.7,5.772813862,142357441,5.663873042,148958420.4
,,7.602985789,181288129,5.812916725,142441761.8,5.703970176,149043363.5
,,7.643097877,181185139.4,5.853019646,142526082.6,5.74406158,149127995.4
,,7.683210079,181080594.1,5.893122566,142609781.1,5.7841645,149212316.2
,,7.723322396,180974181.9,5.933225486,142693479.6,5.824267363,149296948.2
,,7.763491951,180867147.4,5.973328464,142776866.9,5.864370226,149381891.2
,,7.803604325,180759801.7,6.013431384,142860254.2,5.904473089,149467145.5
,,7.8437167,180652144.9,6.053477066,142943330.4,5.944575952,149552399.7
,,7.883829016,180544488.1,6.093580044,143026406.6,5.984678815,149637965
,,7.923941333,180437764.8,6.133682964,143109794,6.024781621,149723841.6
,,7.964053593,180331663.7,6.173785885,143193492.5,6.064884427,149810029.2
,,8.004165795,180227118.4,6.213888805,143277191,6.104929937,149896216.9
,,8.04427794,180124439.9,6.253991725,143361511.7,6.145032743,149983026.9
,,8.084389913,180024250.7,6.294094646,143445832.5,6.185135491,150069836.8
,,8.124501829,179926239.4,6.334197509,143530464.5,6.225238239,150156646.8
,,8.164613516,179832584.2,6.374300372,143615407.5,6.265341045,150243145.6
,,8.174641423,179809248.2,6.414403235,143700350.6,6.305443794,150329955.5
,,8.184669273,179786534.5,6.454506098,143785916,6.345546599,150416143.2
,,8.199739782,179752930.7,6.494608904,143871481.4,6.385649405,150502642
,,8.222316725,179703458.3,6.53471171,143957046.7,6.425752211,150588829.7
,,8.256124788,179632205.7,6.574814573,144042300.9,6.465855017,150674706.2
,,8.296293082,179553485.6,6.61486014,144127866.3,6.505957823,150760893.9
,,8.33640391,179477254.6,6.654962946,144212809.4,6.546060628,150846770.4
,,8.376514565,179405068.5,6.695065809,144298063.6,6.586163434,150933269.2
,,8.416625048,179336616.2,6.735168672,144383006.7,6.626266183,151020079.1
,,8.45673536,179271897.7,6.775271535,144467949.8,6.666311693,151106889.1
,,8.496845557,179210290.6,6.815374455,144552892.8,6.706414441,151194010.2
,,8.536955582,179151795,6.855477318,144638147.1,6.74651719,151281442.5
,,8.577065492,179096099.8,6.895580124,144723401.3,6.786619938,151368874.7
,,8.617175288,179042893.7,6.935682987,144808966.7,6.826722686,151456929.3
,,8.657284969,178992176.7,6.97578585,144894843.2,6.866825378,151544983.8
,,8.697394593,178943326.7,7.015888656,144980719.7,6.906928069,151633038.3
,,8.737504103,178896032.4,7.055991462,145067218.5,6.947030817,151721404
,,8.777613612,178850604.9,7.09609421,145153717.3,6.987133509,151809458.6
,,8.817723007,178806422.1,7.136197016,145240216.1,7.0272362,151897513.1
,,8.857832402,178763483.8,7.176242469,145327337.2,7.067338891,151985567.7
,,8.897941739,178721790.2,7.216345217,145414458.3,7.107441639,152073622.2
,,8.938051077,178680718.8,7.256447966,145501890.6,7.147544331,152161676.8
,,8.978160414,178640580.8,7.296550714,145589011.7,7.187589783,152249731.3
,,9.018269694,178601376.3,7.336653463,145676444,7.227692474,152337785.9
,,9.058378975,178562483,7.376756211,145763565.1,7.267795166,152426151.6
,,9.098488312,178524211.9,7.41685896,145850997.3,7.307897857,152514517.2
,,9.138654888,178486252,7.456961765,145938118.4,7.348000548,152603194.1
,,9.178764168,178448603.3,7.497064514,146025550.7,7.388103239,152692182.1
,,9.218873506,178411265.6,7.537167205,146112671.8,7.428205873,152781170.1
,,9.258982843,178374239.2,7.577269953,146200104,7.468308507,152870780.3
,,9.299092181,178337523.9,7.617372702,146287536.3,7.508411141,152960390.6
,,9.339201576,178300808.5,7.65747545,146375279.7,7.548513775,153050312
,,9.37931097,178264404.4,7.697520903,146463023.1,7.588616409,153140233.5
,,9.419420365,178228000.2,7.737623594,146551388.8,7.628718985,153230466
,,9.459529817,178191907.2,7.777726285,146639754.5,7.668821619,153320698.6
,,9.499639269,178155814.1,7.817828977,146728431.3,7.708866957,153410931.2
,,9.539748721,178119721.1,7.857931668,146817108.1,7.748969534,153501163.8
,,9.579858288,178083005.8,7.898034359,146906096.1,7.789072168,153591085.2
,,9.619967797,178047223.9,7.938136993,146995395.3,7.829174744,153681628.9
,,9.660077364,178011442,7.978239627,147085005.5,7.869277378,153771861.5
,,9.700186988,177975349,8.018342261,147174615.8,7.909379955,153862094
,,9.740296612,177939567.1,8.058444895,147263914.9,7.949482531,153952637.8
,,9.780406236,177903785.2,8.098547528,147353836.4,7.989585108,154043181.5
,,9.820515975,177867381,8.138650162,147443446.6,8.029687684,154134036.4
,,9.860625656,177831599.2,8.178752796,147533056.9,8.069790261,154224891.2
,,9.900735452,177795195,8.218798134,147622667.2,8.109892838,154316368.4
,,9.940845247,177758790.8,8.258900768,147712588.6,8.149995357,154407845.5
,,9.980955043,177722075.5,8.299003345,147802510.1,8.190097876,154499633.8
,,10.0210649,177685360.2,8.339105979,147892431.5,8.2301431,154591422.2
,,10.06123216,177648022.5,8.379208613,147982664.1,8.270245619,154683832.8
,,10.10134207,177610996.1,8.419311189,148072896.6,8.310348138,154775932.2
,,10.1414521,177573347.3,8.459413766,148163440.4,8.3504506,154868342.8
,,10.18156212,177535698.5,8.499516342,148254295.2,8.39055312,154961064.6
,,10.2216722,177497427.5,8.539618919,148345461.2,8.430655582,155053475.2
,,10.26178234,177458845.3,8.579721495,148436627.2,8.470758101,155146196.9
,,10.30189254,177419951.9,8.619824015,148528104.4,8.510860563,155238918.6
,,10.34200279,177380747.4,8.659926591,148619581.6,8.550963025,155331640.4
,,10.38211305,177341231.8,8.700029111,148711369.9,8.591065544,155424362.1
,,10.42222336,177301093.9,8.740074334,148803469.3,8.631168006,155517395
,,10.46233373,177260955.9,8.780176853,148895568.8,8.671270468,155610427.9
,,10.50244415,177220506.8,8.820279373,148987668.2,8.71137293,155703772
,,10.54255458,177179435.5,8.860381892,149080078.8,8.751418096,155797116
,,10.58266506,177138364.1,8.900484354,149172489.4,8.791520501,155890771.2
,,10.6227756,177096670.4,8.940586873,149264900,8.831622963,155984426.4
,,10.6628862,177054665.6,8.980689393,149357310.6,8.871725368,156078703.9
,,10.7029968,177012349.6,9.020791855,149450032.4,8.911827772,156172981.4
,,10.74310746,176969722.5,9.060894374,149542754.1,8.951930177,156267570
,,10.78327546,176926784.3,9.100996836,149635475.9,8.992032582,156362158.6
,,10.82338623,176883223.7,9.141099298,149728508.8,9.032134929,156457058.4
,,10.863497,176839663.1,9.181201703,149821541.7,9.072237277,156551958.2
,,10.90360783,176795791.4,9.221246869,149915196.9,9.112339624,156646857.9
,,10.94371872,176751297.5,9.261349331,150008540.9,9.152442029,156742068.9
,,10.9838296,176706803.5,9.301451793,150102507.2,9.192544376,156837279.8
,,11.02394054,176661687.2,9.341554198,150196473.6,9.232589428,156932801.8
,,11.06405154,176616570.9,9.381656602,150290751,9.272691775,157028323.9
,,11.10416254,176570832.3,9.42175895,150385339.7,9.312794123,157123846
,,11.1442736,176525093.7,9.461861354,150479928.3,9.352896413,157219368
,,11.18438465,176478732.9,9.501963702,150574828.1,9.39299876,157315201.3
,,11.22449582,176432372,9.542066106,150669416.7,9.43310105,157411345.6
,,11.26460694,176385700,9.582168454,150764627.6,9.473203398,157507490
,,11.30471817,176338405.6,9.622270859,150859527.4,9.513305688,157603634.4
,,11.34482934,176291111.3,9.662373206,150954738.3,9.553407978,157700089.9
,,11.38499792,176243505.9,9.702475553,151049949.2,9.593510268,157796856.5
,,11.4251092,176195589.3,9.742520605,151145471.3,9.633612558,157893934.3
,,11.46522049,176147361.5,9.782622952,151240993.4,9.673714848,157991012.1
,,11.50533183,176098822.6,9.8227253,151336826.6,9.713759785,158088401.1
,,11.54544323,176050283.7,9.862827647,151432348.7,9.753862018,158185790
,,11.58555463,176001433.7,9.902929937,151528493,9.793964251,158283490.1
,,11.62566609,175951961.3,9.943032285,151624637.4,9.834066484,158381190.2
,,11.66577755,175902177.8,9.983134575,151720781.7,9.874168716,158479201.5
,,11.705889,175853016.6,10.02323692,151817548.4,9.914270949,158577212.7
,,11.74600058,175802610.9,10.06333921,151914315.1,9.954373182,158675223.9
,,11.78611209,175752516.2,10.10344145,152011081.7,9.994475415,158773546.3
,,11.82622366,175702421.6,10.14354368,152108159.5,10.03457759,158871868.7
,,11.86633524,175651704.7,10.18364591,152205548.5,10.07467977,158970502.3
,,11.90644686,175600987.7,10.22369085,152303248.6,10.11478194,159068824.6
,,11.94661579,175549648.5,10.26379314,152400637.5,10.15488412,159167769.3
,,11.98672748,175498620.4,10.30389537,152498337.6,10.194929,159266714
,,12.02683916,175446970.1,10.3439976,152596348.9,10.23503117,159365658.7
,,12.06695091,175395008.5,10.38409984,152694360.1,10.27513335,159464914.5
,,12.10706265,175343047,10.42420207,152792371.3,10.31523552,159564481.5
,,12.14717434,175291396.7,10.46430424,152890693.7,10.35533764,159664359.6
,,12.18728614,175239124,10.50440648,152989016.1,10.39543976,159764237.8
,,12.22739794,175186540.2,10.54450865,153087649.7,10.43554188,159864427
,,12.26750974,175133645.2,10.58461083,153186594.3,10.47564394,159964616.3
,,12.3076216,175081372.6,10.624713,153285227.9,10.51574606,160065116.7
,,12.34773346,175027855.3,10.66481518,153384172.6,10.55584812,160165617.1
,,12.38784532,174974649.2,10.70486006,153483428.4,10.59595024,160266117.5
,,12.42795723,174921754.3,10.74496223,153582684.2,10.63599506,160366929.1
,,12.46812644,174867925.9,10.78506441,153682251.2,10.67609712,160467740.7
,,12.50823836,174814408.6,10.82516653,153781818.2,10.71619924,160568863.4
,,12.54835028,174760891.4,10.86526865,153882007.4,10.7563013,160669986.1
,,12.58846225,174706751.8,10.90537077,153981885.6,10.79640336,160771108.8
,,12.62857422,174652612.3,10.94547283,154082074.8,10.83650536,160872542.7
,,12.66868619,174598161.6,10.98557494,154182575.3,10.87660737,160973976.5
,,12.70879823,174543710.9,11.02567706,154283075.7,10.91670943,161075721.5
,,12.74891026,174489571.3,11.06577912,154383887.2,10.95681143,161177777.7
,,12.78902229,174434498.4,11.10588124,154484698.8,10.99691349,161279833.8
,,12.82913432,174379736.5,11.14592601,154585510.4,11.0370155,161382201.1
,,12.86924635,174325285.8,11.18602807,154686633.1,11.0771175,161484568.4
,,12.90935843,174269901.7,11.22613013,154788066.9,11.11716221,161587246.9
,,12.94952782,174214828.7,11.26623213,154889500.8,11.15726415,161690236.5
,,12.98963991,174159755.7,11.30633414,154991245.8,11.1973661,161793226.1
,,13.02975199,174104371.6,11.3464362,155092990.8,11.23746805,161896526.8
,,13.06986414,174048365.2,11.38653826,155194735.8,11.27756999,161999516.4
,,13.10997628,173992981,11.42664026,155296792,11.317672,162103128.3
,,13.15008843,173937285.8,11.46674232,155398848.1,11.35777394,162206429
,,13.19020057,173880968.2,11.50684433,155500904.3,11.39787589,162310040.9
,,13.23031272,173825272.9,11.54694633,155603582.7,11.43797784,162413963.9
,,13.27042492,173768644.2,11.58704833,155706261.1,11.47807978,162517887
,,13.31053712,173712015.5,11.62709298,155808939.6,11.51818167,162621810
,,13.35064932,173655697.9,11.66719499,155911929.2,11.55822626,162726044.2
,,13.39081882,173598758,11.70729693,156015229.9,11.59832815,162830589.5
,,13.43093103,173541818.2,11.74739888,156118530.7,11.63843004,162935134.8
,,13.47104328,173484878.3,11.78750083,156221831.4,11.67853199,163039680.1
,,13.51115549,173427627.3,11.82760283,156325754.4,11.71863388,163144847.8
,,13.55126775,173370065.1,11.86770478,156429366.3,11.75873577,163249704.2
,,13.59138001,173312814.1,11.90780667,156533289.3,11.79883766,163355183
,,13.63149227,173255252,11.94790861,156637523.5,11.83893949,163460350.6
,,13.67160458,173197378.7,11.9880105,156741757.7,11.87904132,163566140.5
,,13.71171684,173139816.5,12.02811239,156846303,11.91914315,163671930.4
,,13.7518291,173081943.2,12.06815698,156950848.4,11.95924493,163777720.4
,,13.79194142,173023758.8,12.10825887,157055393.7,11.99928946,163883510.3
,,13.83205368,172965885.5,12.14836076,157160250.2,12.03939129,163989611.3
,,13.87222329,172907389.9,12.18846265,157265106.6,12.07949307,164096023.5
,,13.91233561,172848894.3,12.22856454,157370274.2,12.1195949,164202435.7
,,13.95244792,172790709.8,12.26866643,157475441.9,12.15969667,164308848
,,13.99256024,172731903.1,12.30876826,157580920.6,12.19979851,164415571.3
,,14.03267262,172673096.3,12.34887003,157686399.4,12.23990022,164522605.8
,,14.07278493,172614289.6,12.38897187,157792189.3,12.280002,164629640.3
,,14.11289725,172555171.7,12.4290737,157898290.4,12.32010377,164736674.8
,,14.15300957,172496053.8,12.46917547,158004391.4,12.36020549,164844020.5
,,14.19312194,172436935.9,12.50922001,158110492.5,12.40030726,164951677.2
,,14.23323426,172377506.8,12.54932184,158216904.7,12.44035168,165059334
,,14.27334663,172317766.7,12.58942367,158323628.1,12.48045346,165166990.8
,,14.3135163,172258337.6,12.62952545,158430351.4,12.52055518,165274958.8
,,14.35362862,172198597.4,12.66962722,158537385.9,12.56065689,165382926.7
,,14.39374099,172138857.2,12.709729,158644420.4,12.60075861,165491205.8
,,14.43385337,172078805.9,12.74983077,158751454.9,12.64086027,165599796
,,14.47396574,172018754.6,12.78993254,158858800.6,12.68096199,165708386.3
,,14.51407812,171958392.1,12.83003426,158966146.2,12.7210637,165816976.5
,,14.55419049,171898340.8,12.87013604,159073803,12.76116542,165925877.9
,,14.59430281,171837667.1,12.91023775,159181459.8,12.80126708,166034779.3
,,14.63441518,171777304.7,12.95028223,159289427.7,12.84136874,166143991.8
,,14.67452755,171716319.9,12.99038395,159397395.7,12.88141311,166253204.3
,,14.71463993,171655646.3,13.03048561,159505674.8,12.92151477,166362728
,,14.7548096,171594661.5,13.07058733,159613953.8,12.96161643,166472251.7
,,14.79492197,171533365.6,13.11068904,159722544.1,13.00171809,166582086.5
,,14.83503435,171472069.7,13.1507907,159831134.3,13.04181969,166691921.3
,,14.87514672,171410462.6,13.19089242,159940035.7,13.08192135,166801756.1
,,14.9152591,171348855.5,13.23099408,160049248.2,13.12202295,166911902.1
,,14.95537147,171286937.3,13.27109574,160158149.6,13.1621245,167022359.2
,,14.99548384,171224707.9,13.3111974,160267673.3,13.2022261,167132816.3
,,15.03559622,171162789.7,13.35124176,160376885.8,13.2423277,167243273.5
,,15.07570859,171100249.2,13.39134342,160486720.6,13.28237195,167354041.7
,,15.11582097,171038019.9,13.43144508,160596244.3,13.32247355,167465121.1
,,15.15593334,170975168.2,13.47154669,160706079.1,13.36257516,167576200.5
,,15.19610301,170912316.6,13.51164829,160816225.1,13.40267676,167687279.9
,,15.23621533,170849464.9,13.55174995,160926371.1,13.4427783,167798670.5
,,15.2763277,170786302.1,13.59185155,161036828.2,13.48287985,167910061.1
,,15.31644008,170723139.3,13.63195315,161147285.3,13.52298139,168021762.8
,,15.35655239,170659976.5,13.67205476,161257742.4,13.56308294,168133464.5
,,15.39666477,170596502.5,13.7121563,161368510.7,13.60318443,168245477.3
,,15.43677708,170533339.7,13.7522579,161479590.1,13.64328591,168357490.2
,,15.4768894,170469554.7,13.79230221,161590669.5,13.68338746,168469503
,,15.51700177,170406080.7,13.83240376,161701748.9,13.72343165,168581827
,,15.55711409,170342295.6,13.87250536,161813139.4,13.7635332,168694151
,,15.59722641,170278510.5,13.9126069,161924530,13.80363469,168806786.1
,,15.63733872,170214414.3,13.95270845,162036231.7,13.84373617,168919421.3
,,15.67750828,170150629.2,13.99280994,162147933.4,13.8838376,169032367.6
,,15.7176206,170086532.9,14.03291148,162259946.3,13.92393909,169145313.9
,,15.75773291,170022436.7,14.07301297,162371959.1,13.96404052,169258571.3
,,15.79784517,169958340.5,14.11311452,162484283.1,14.00414201,169371828.7
,,15.83795743,169894244.2,14.153216,162596607.1,14.04424344,169485086.2
,,15.87806969,169829836.8,14.19326025,162708931.1,14.08434493,169598654.8
,,15.91818195,169765429.4,14.23336174,162821566.2,14.12438906,169712534.5
,,15.95829421,169701333.2,14.27346323,162934512.5,14.16449055,169826414.2
,,15.99840641,169637237,14.31356472,163047458.8,14.20459198,169940293.9
,,16.03851862,169572829.6,14.35366615,163160405.1,14.24469336,170054484.8
,,16.07863088,169508733.3,14.39376758,163273662.5,14.28479473,170168675.7
,,16.11880037,169444325.9,14.43386901,163387231.1,14.32489605,170283177.7
,,16.15891258,169380229.7,14.47397038,163500488.6,14.36499742,170397679.7
,,16.19902472,169315822.3,14.51407187,163614368.3,14.40509879,170512492.9
,,16.23913692,169251726.1,14.5541733,163727936.9,14.44520017,170627306.1
,,16.27924913,169187318.7,14.59427479,163841816.6,14.4853016,170742119.3
,,16.31936127,169123222.4,14.63431898,163956007.5,14.52534573,170857243.6
,,16.35947342,169058815,14.67442041,164070198.4,14.5654471,170972367.9
,,16.39958556,168994718.8,14.71452178,164184389.2,14.60554848,171087803.3
,,16.43969765,168930622.6,14.75462322,164298891.3,14.64564985,171203238.8
,,16.47980979,168866526.3,14.79472459,164413393.3,14.68575117,171318674.3
,,16.51992188,168802430.1,14.83482596,164528206.4,14.72585254,171434420.9
,,16.56003403,168738333.8,14.87492734,164643019.6,14.76595386,171550478.6
,,16.60020341,168674237.6,14.91502871,164758143.9,14.80605517,171666225.3
,,16.6403155,168610452.5,14.95513008,164873268.3,14.84615649,171782594.2
,,16.68042753,168546356.3,14.99523146,164988703.7,14.88625781,171898651.9
,,16.72053962,168482571.2,15.03527553,165104139.2,14.92630183,172015020.8
,,16.76065165,168418786.1,15.07537685,165219574.6,14.96640314,172131700.9
,,16.80076368,168355001,15.11547817,165335321.3,15.0065044,172248069.8
,,16.84087571,168291215.9,15.15557948,165451379,15.04660566,172365061
,,16.88098774,168227430.8,15.1956808,165567436.8,15.08670698,172482052.2
,,16.92109971,168163956.8,15.23578217,165683494.5,15.12680823,172599043.4
,,16.96121174,168100171.7,15.27588349,165799863.4,15.16690949,172716034.6
,,17.00132371,168036697.8,15.31598486,165916232.3,15.20701075,172833336.9
,,17.04143569,167973535,15.35608618,166032601.2,15.24711201,172950950.4
,,17.08160496,167910061.1,15.39618749,166149281.3,15.28721327,173068563.9
,,17.12171693,167846587.1,15.43623146,166266272.5,15.32725723,173186177.4
,,17.16182884,167783424.3,15.47633277,166383263.7,15.36735849,173303790.9
,,17.20194076,167720261.5,15.51643403,166500254.9,15.40745975,173421715.5
,,17.24205268,167657409.8,15.55653523,166617246.1,15.44756095,173539951.3
,,17.28216459,167594247,15.59663643,166734548.4,15.48766215,173657875.9
,,17.32227651,167531395.4,15.63673763,166852161.9,15.52776335,173776111.7
,,17.36238842,167468543.7,15.67683884,166969775.4,15.56786444,173894658.7
,,17.40250028,167405692.1,15.7169401,167087388.9,15.60796559,174012894.4
,,17.44261214,167342840.4,15.7570413,167205313.5,15.64806673,174131441.4
,,17.45264011,167327283.1,15.79714256,167323238.2,15.68816787,174250299.5
,,17.46266807,167311725.7,15.83718652,167441162.8,15.72821178,174369157.5
,,17.47773869,167288389.7,15.87728778,167559398.6,15.76831298,174488015.6
,,17.50031592,167253230.1,15.91738904,167677945.5,15.80841418,174607184.8
,,17.52283586,167218070.6,15.95749024,167796492.5,15.84851544,174726354.1
,,17.54541309,167182911,15.99759138,167915039.4,15.88861659,174845834.4
,,17.56799032,167147751.4,16.03769253,168033586.3,15.92871773,174965314.8
,,17.59056755,167112591.8,16.07779367,168152444.4,15.96881882,175084795.2
,,17.59618322,167103879.7,16.11789476,168271613.6,16.00891996,175204586.7
,,17.60185613,167095167.6,16.1579959,168390782.9,16.04902105,175324378.2
,,17.61027964,167082099.4,16.19803975,168509952.1,16.08912213,175444480.9
,,17.6230008,167062186,16.23814089,168629121.3,16.12916593,175564272.4
,,17.64202529,167032627.1,16.27824204,168748601.7,16.16926701,175684375.1
,,17.67061926,166988133.1,16.31834318,168868082.1,16.2093681,175804788.9
,,17.71073106,166926214.9,16.35844427,168987873.6,16.24946924,175925202.7
,,17.75084287,166863985.5,16.39854541,169107665.1,16.28957033,176045616.5
,,17.79095467,166802067.3,16.4386465,169227456.6,16.32967136,176166030.3
,,17.83106641,166740149.1,16.47874759,169347559.3,16.36977239,176286755.3
,,17.87117821,166678230.9,16.51884867,169467973.1,16.40987348,176407480.2
,,17.91128996,166616623.8,16.55894976,169588075.8,16.44997451,176528516.3
,,17.9514017,166554705.6,16.59899355,169708489.6,16.49001824,176649241.3
,,17.99151344,166493098.5,16.6390947,169829214.5,16.53011927,176770588.6
,,18.03162519,166431802.6,16.67919584,169949628.3,16.57022036,176891624.7
,,18.07173693,166370195.5,16.71929693,170070664.5,16.61032139,177013283.1
,,18.11184867,166308899.6,16.75939796,170191389.4,16.65042247,177134630.3
,,18.15201766,166247603.7,16.79949904,170312425.5,16.69052356,177256288.7
,,18.19212934,166186618.9,16.83960013,170433772.8,16.73062459,177377947.1
,,18.23224103,166125323,16.87970116,170554808.9,16.77072568,177499605.5
,,18.27235272,166064338.2,16.91980213,170676467.3,16.81082671,177621575.1
,,18.3124644,166003664.6,16.95990316,170797814.5,16.85092768,177743544.6
,,18.35257609,165942679.8,16.9999469,170919472.9,16.89097135,177865825.3
,,18.39268778,165882006.2,17.04004798,171041131.3,16.93107233,177988106
,,18.43279941,165821332.6,17.08014901,171163100.9,16.9711733,178110386.7
,,18.47291104,165760970.1,17.12025004,171285070.4,17.01127433,178232667.4
,,18.51302272,165700296.5,17.16035107,171407040,17.0513753,178355259.2
,,18.55313435,165639934,17.2004521,171529320.7,17.09147627,178477851.1
,,18.59324598,165579571.5,17.24055313,171651601.4,17.13157725,178600442.9
,,18.63335761,165519520.2,17.2806541,171773882,17.17167822,178723345.9
,,18.67352654,165459157.7,17.32075508,171896473.9,17.21177919,178846248.9
,,18.71363811,165399106.4,17.36079875,172019065.7,17.25182287,178969151.9
,,18.75374974,165339366.2,17.40089972,172141657.6,17.29192384,179092054.9
,,18.79386131,165279314.8,17.4410007,172264560.6,17.33202481,179215269
,,18.83397294,165219574.6,17.48110167,172387463.5,17.37212573,179338794.3
,,18.87408451,165159834.5,17.52120264,172510677.7,17.41222664,179462008.4
,,18.91419608,165100405.4,17.56130356,172633580.7,17.45232756,179585533.7
,,18.95430765,165040665.2,17.60140447,172757105.9,17.49242847,179709059
,,18.99441923,164981236.2,17.64150533,172880320.1,17.53252933,179832895.4
,,19.0345308,164921807.2,17.68160619,173003845.4,17.57263024,179956731.8
,,19.07464237,164862689.3,17.72164975,173127370.6,17.6127311,180080568.2
,,19.11475388,164803571.4,17.76175061,173251207.1,17.65277466,180204404.7
,,19.15486546,164744453.5,17.80185146,173375043.5,17.69287552,180328552.2
,,19.19503427,164685335.6,17.84195232,173498879.9,17.73297638,180452699.8
,,19.23514584,164626528.8,17.88205324,173623027.5,17.77307724,180576847.4
,,19.27525735,164567410.9,17.92215409,173746863.9,17.81317804,180700995
,,19.31536887,164508604.2,17.96225501,173871011.5,17.85327895,180825453.7
,,19.35548038,164450108.6,18.00235592,173995470.2,17.89337975,180949912.4
,,19.3955919,164391301.9,18.04245678,174119928.9,17.93348061,181074371.1
,,19.43570341,164332806.3,18.0825577,174244387.7,17.97358147,181199141
,,19.47581493,164274310.7,18.1226012,174368846.4,18.01362509,181323910.9
,,19.51592639,164216126.2,18.16270206,174493305.1,18.05372595,181448680.7
,,19.5560379,164157941.8,18.20280286,174618075,18.0938268,181573761.8
,,19.59614941,164099446.2,18.24290372,174743156,18.13392766,181698531.6
,,19.63626087,164041572.9,18.28300452,174867925.9,18.17402846,181823612.6
,,19.67637239,163983388.4,18.32310538,174993006.9,18.21412932,181948693.7
,,19.71654114,163925515.1,18.36320618,175118399,18.25423012,182074085.8
,,19.7566526,163867641.8,18.40330703,175243480,18.29433098,182199478
,,19.79676405,163809768.5,18.44340789,175368872.2,18.33443178,182324870.1
,,19.83687551,163752206.3,18.4834514,175494575.5,18.37447528,182450262.3
,,19.87698697,163694333,18.52355225,175619967.7,18.41457608,182575965.6
,,19.91709843,163636770.9,18.56365305,175745671,18.45467688,182701357.8
,,19.95720988,163579519.8,18.60375391,175871374.3,18.49477768,182827061.1
,,19.99732134,163521957.7,18.64385471,175997077.6,18.53487854,182953075.5
,,20.03743274,163464706.7,18.68395551,176123092.1,18.57497934,183078778.8
,,20.0775442,163407455.7,18.72405626,176249106.5,18.61508008,183204793.3
,,20.11765566,163350204.7,18.76415706,176375121,18.65518089,183330807.8
,,20.15776706,163292953.6,18.80425786,176501446.6,18.69528169,183456822.2
,,20.19787846,163236013.8,18.8443013,176627772.2,18.73532519,183583147.8
,,20.23804721,163179073.9,18.88440205,176754097.8,18.77542599,183709473.4
,,20.27815861,163122134,18.92450279,176880734.5,18.81552673,183835799
,,20.31827001,163065505.3,18.96460353,177007060.1,18.85562753,183962124.6
,,20.35838141,163008565.5,19.00470433,177133696.9,18.89572828,184088450.2
,,20.39849281,162951936.7,19.04480519,177260644.8,18.93582902,184215087
,,20.43860421,162895308,19.08490599,177387281.5,18.97592982,184341723.7
,,20.47871561,162838679.3,19.12500674,177514229.4,19.01603056,184468360.5
,,20.51882701,162782361.7,19.16510754,177641177.3,19.05613131,184595308.4
,,20.55893841,162726044.2,19.20515093,177768436.4,19.09617475,184721945.1
,,20.59904975,162669726.6,19.24525161,177895695.4,19.1362755,184848893
,,20.63916115,162613409,19.2853523,178022643.3,19.17637618,184975840.9
,,20.6792725,162557091.5,19.32545298,178150213.5,19.21647693,185102788.8
,,20.7193839,162501085,19.36555361,178277472.5,19.25657767,185230047.8
,,20.75949524,162445078.6,19.4056543,178405042.7,19.29667836,185356995.7
,,20.79966394,162389072.2,19.44575498,178532612.9,19.3367791,185484254.8
,,20.83977528,162333376.9,19.48585573,178660183.1,19.37687978,185611513.8
,,20.87988662,162277370.5,19.52595636,178787753.3,19.41698053,185738772.9
,,20.91999797,162221675.2,19.56599975,178915634.6,19.45702386,185866343
,,20.96010931,162165979.9,19.60610043,179043516,19.4971246,185993602.1
,,21.00022065,162110284.6,19.64620117,179171397.3,19.53722529,186121172.3
,,21.04033199,162054900.5,19.68630192,179299589.8,19.57732598,186248742.5
,,21.08044334,161999205.2,19.72640266,179427471.1,19.61742666,186376312.7
,,21.12055462,161943821.1,19.76650335,179555663.6,19.65752729,186503882.8
,,21.16066596,161888437,19.80660403,179683856.1,19.69762803,186631764.2
,,21.20077731,161833364,19.84670472,179812359.7,19.73772878,186759334.4
,,21.2108051,161819673.5,19.8868054,179940552.2,19.77782958,186887215.7
,,21.22083295,161805671.9,19.92684879,180069055.8,19.81787302,187015097
,,21.23590334,161785136.2,19.96694942,180197559.4,19.85797371,187142978.4
,,21.25848029,161754021.6,20.00704999,180326063.1,19.89807445,187270859.7
,,21.28099988,161722906.9,20.04715056,180454877.9,19.93817514,187399052.2
,,21.30357682,161692103.3,20.08725119,180583381.5,19.97827577,187526933.5
,,21.32615377,161660988.7,20.12735182,180712196.3,20.01837634,187655126
,,21.34873071,161630185.1,20.16745251,180841011,20.05847697,187783318.5
,,21.37130765,161599070.4,20.20755319,180969825.8,20.09857759,187911511
,,21.39382724,161568266.9,20.24765382,181098640.6,20.13867817,188039703.5
,,21.41640419,161537463.4,,,20.1787215,188167895.9
,,21.43898113,161506348.7,,,20.21882218,188296088.4
,,21.46155802,161475545.2,,,20.25892287,188424592.1
,,21.48413496,161444741.6,,,,
,,21.50665461,161413938.1,,,,
,,21.52923149,161383134.6,,,,
,,21.55180844,161352331,,,,
,,21.57438532,161321527.5,,,,
,,21.59690497,161291035.1,,,,
,,21.61948186,161260231.6,,,,
,,21.6420588,161229428,,,,
,,21.66463569,161198935.7,,,,
,,21.68721263,161168132.1,,,,
,,21.70973222,161137639.7,,,,
,,21.73230917,161107147.4,,,,
,,21.73798202,161099368.7,,,,
,,21.74640536,161087856.2,,,,
,,21.7591264,161070743.2,,,,
,,21.7781506,161044918,,,,
,,21.80668688,161006024.6,,,,
,,21.83528045,160967442.4,,,,
,,21.86381673,160928860.2,,,,
,,21.89241036,160890278,,,,
,,21.92094664,160851695.8,,,,
,,21.94948292,160813113.6,,,,
,,21.97807649,160774531.4,,,,
,,22.00661277,160736260.4,,,,
,,22.03520634,160697678.2,,,,
,,22.06374262,160659407.1,,,,
,,22.0922789,160620824.9,,,,
,,22.12087247,160582553.8,,,,
,,22.14940875,160544282.8,,,,
,,22.17800232,160506011.7,,,,
,,22.2065386,160467740.7,,,,
,,22.23507482,160429469.6,,,,
,,22.26366839,160391198.6,,,,
,,22.29220467,160352927.5,,,,
,,22.32079818,160314656.4,,,,
,,22.34933446,160276696.5,,,,
,,22.37787074,160238425.5,,,,
,,22.40646426,160200465.6,,,,
,,22.43500053,160162505.7,,,,
,,22.46353675,160124234.6,,,,
,,22.49213027,160086274.7,,,,
,,22.52066655,160048314.8,,,,
,,22.54926006,160010354.9,,,,
,,22.57779634,159972395,,,,
,,22.60633256,159934435.1,,,,
,,22.63492608,159896786.3,,,,
,,22.6634623,159858826.4,,,,
,,22.69205581,159820866.5,,,,
,,22.72059209,159783217.7,,,,
,,22.74912831,159745568.9,,,,
,,22.77772183,159707609,,,,
,,22.80625805,159669960.3,,,,
,,22.83485156,159632311.5,,,,
,,22.86338773,159594662.7,,,,
,,22.89192395,159557014,,,,
,,22.92051746,159519365.2,,,,
,,22.94905368,159481716.5,,,,
,,22.9775899,159444067.7,,,,
,,23.00618336,159406730.1,,,,
,,23.03471958,159369081.3,,,,
,,23.0633131,159331743.7,,,,
,,23.09184926,159294094.9,,,,
,,23.12038548,159256757.3,,,,
,,23.148979,159219108.6,,,,
,,23.17751516,159181770.9,,,,
,,23.20610862,159144433.3,,,,
,,23.23464484,159107095.7,,,,
,,23.263181,159069758.1,,,,
,,23.29177452,159032420.5,,,,
,,23.32031068,158995082.9,,,,
,,23.34890414,158958056.4,,,,
,,23.3774403,158920718.8,,,,
,,23.40597647,158883381.2,,,,
,,23.43456993,158846354.7,,,,
,,23.46310615,158809017.1,,,,
,,23.49164231,158771990.6,,,,
,,23.52023577,158734653,,,,
,,23.54877193,158697626.5,,,,
,,23.57736533,158660600,,,,
,,23.6059015,158623573.6,,,,
,,23.63443766,158586547.1,,,,
,,23.66303112,158549520.6,,,,
,,23.69156728,158512494.2,,,,
,,23.72016068,158475467.7,,,,
,,23.74869684,158438441.2,,,,
,,23.77723301,158401725.9,,,,
,,23.80582641,158364699.4,,,,
,,23.83436257,158327673,,,,
,,23.86295597,158290957.6,,,,
,,23.89149214,158253931.2,,,,
,,23.92002824,158217215.8,,,,
,,23.94862164,158180500.5,,,,
,,23.97715781,158143474.1,,,,
,,24.00569391,158106758.7,,,,
,,24.03428731,158070043.4,,,,
,,24.06282342,158033328.1,,,,
,,24.09141688,157996612.8,,,,
,,24.11995298,157959897.4,,,,
,,24.14848909,157923182.1,,,,
,,24.17708249,157886466.8,,,,
,,24.2056186,157850062.6,,,,
,,24.234212,157813347.3,,,,
,,24.2627481,157776632,,,,
,,24.29128415,157740227.8,,,,
,,24.31987755,157703512.5,,,,
,,24.34841366,157667108.3,,,,
,,24.37694977,157630704.1,,,,
,,24.40554311,157593988.8,,,,
,,24.43407922,157557584.6,,,,
,,24.46267256,157521180.4,,,,
,,24.49120867,157484776.3,,,,
,,24.51974471,157448372.1,,,,
,,24.54833812,157411967.9,,,,
,,24.57687416,157375563.7,,,,
,,24.60546756,157339159.6,,,,
,,24.63400361,157302755.4,,,,
,,24.66253966,157266351.2,,,,
,,24.69113301,157229947,,,,
,,24.71966905,157193854,,,,
,,24.7482624,157157449.8,,,,
,,24.77679845,157121356.8,,,,
,,24.8053345,157084952.6,,,,
,,24.83392784,157048859.6,,,,
,,24.86246389,157012455.4,,,,
,,24.89099994,156976362.4,,,,
,,24.91959328,156940269.4,,,,
,,24.94812933,156903865.2,,,,
,,24.97672262,156867772.2,,,,
,,25.00525866,156831679.1,,,,
,,25.03379466,156795586.1,,,,
,,25.062388,156759493.1,,,,
,,25.09092405,156723400,,,,
,,25.11951733,156687307,,,,
,,25.14805333,156651214,,,,
,,25.17658937,156615432.1,,,,
,,25.20518266,156579339.1,,,,
,,25.23371865,156543246,,,,
,,25.26225464,156507464.2,,,,
,,25.29084799,156471371.1,,,,
,,25.31938398,156435589.3,,,,
,,25.34797727,156399496.2,,,,
,,25.37651326,156363714.3,,,,
,,25.40504925,156327621.3,,,,
,,25.43364253,156291839.4,,,,
,,25.46217847,156256057.5,,,,
,,25.49077176,156220275.7,,,,
,,25.51930775,156184493.8,,,,
,,25.54784374,156148711.9,,,,
,,25.57643697,156112930,,,,
,,25.60497296,156077148.1,,,,
,,25.63350889,156041366.3,,,,
,,25.66210218,156005584.4,,,,
,,25.69063811,155969802.5,,,,
,,25.7192314,155934331.8,,,,
,,25.74776733,155898549.9,,,,
,,25.77630327,155863079.1,,,,
,,25.80489655,155827297.3,,,,
,,25.83343249,155791826.5,,,,
,,25.86202572,155756044.6,,,,
,,25.89056165,155720573.9,,,,
,,25.91909758,155684792,,,,
,,25.94769081,155649321.3,,,,
,,25.97622675,155613850.5,,,,
,,26.00476268,155578379.8,,,,
,,26.03335585,155542909.1,,,,
,,26.06189179,155507438.3,,,,
,,26.09048502,155471967.6,,,,
,,26.11902095,155436496.9,,,,
,,26.14755683,155401026.1,,,,
,,26.17615006,155365555.4,,,,
,,26.20468593,155330084.7,,,,
,,26.23327916,155294925.1,,,,
,,26.26181504,155259454.3,,,,
,,26.29035092,155223983.6,,,,
,,26.31894415,155188824,,,,
,,26.34748002,155153353.3,,,,
,,26.3760159,155118193.7,,,,
,,26.40460907,155082723,,,,
,,26.43314495,155047563.4,,,,
,,26.46173812,155012403.8,,,,
,,26.490274,154976933,,,,
,,26.51880987,154941773.5,,,,
,,26.54740305,154906613.9,,,,
,,26.57593892,154871454.3,,,,
,,26.60453204,154836294.7,,,,
,,26.63306791,154801135.1,,,,
,,26.66160379,154765975.5,,,,
,,26.69019691,154730815.9,,,,
,,26.71873278,154695656.3,,,,
,,26.7472686,154660807.9,,,,
,,26.77586172,154625648.3,,,,
,,26.80439759,154590488.7,,,,
,,26.83299071,154555640.3,,,,
,,26.86152653,154520480.7,,,,
,,26.89006235,154485321.1,,,,
,,26.91865546,154450472.6,,,,
,,26.94719134,154415313.1,,,,
,,26.9757271,154380464.6,,,,
,,27.00432021,154345616.2,,,,
,,27.03285603,154310456.6,,,,
,,27.06144915,154275608.1,,,,
,,27.08998497,154240759.7,,,,
,,27.11852079,154205911.3,,,,
,,27.14711384,154171062.8,,,,
,,27.17564966,154136214.4,,,,
,,27.20424272,154101365.9,,,,
,,27.23277854,154066517.5,,,,
,,27.2613143,154031669.1,,,,
,,27.28990742,153996820.6,,,,
,,27.31844318,153961972.2,,,,
,,27.34697894,153927434.9,,,,
,,27.375572,153892586.4,,,,
,,27.40410776,153857738,,,,
,,27.43270082,153823200.7,,,,
,,27.46123658,153788352.3,,,,
,,27.48977234,153753503.8,,,,
,,27.5183654,153718966.5,,,,
,,27.54690116,153684429.2,,,,
,,27.57549422,153649891.9,,,,
,,27.60402992,153615043.5,,,,
,,27.63256569,153580506.2,,,,
,,27.66115869,153545968.9,,,,
,,27.68969445,153511431.6,,,,
,,27.71823015,153476583.2,,,,
,,27.74682321,153442045.9,,,,
,,27.77535892,153407508.6,,,,
,,27.80395192,153372971.3,,,,
,,27.83248762,153338434,,,,
,,27.86102333,153304207.8,,,,
,,27.88961633,153269670.5,,,,
,,27.91815203,153235133.2,,,,
,,27.94668773,153200595.9,,,,
,,27.97528074,153166058.6,,,,
,,28.00381644,153131832.5,,,,
,,28.03240938,153097295.2,,,,
,,28.06094509,153062757.9,,,,
,,28.08948079,153028531.8,,,,
,,28.11807374,152993994.5,,,,
,,28.14660944,152959768.3,,,,
,,28.17520238,152925542.2,,,,
,,28.20373803,152891004.9,,,,
,,28.23227373,152856778.7,,,,
,,28.26086668,152822552.6,,,,
,,28.28940233,152788015.3,,,,
,,28.31793797,152753789.1,,,,
,,28.34653092,152719563,,,,
,,28.37506656,152685336.8,,,,
,,28.40365951,152651110.7,,,,
,,28.43219515,152616884.5,,,,
,,28.4607308,152582658.4,,,,
,,28.48932369,152548432.2,,,,
,,28.51785933,152514206.1,,,,
,,28.54639498,152479979.9,,,,
,,28.57498787,152446064.9,,,,
,,28.60352351,152411838.8,,,,
,,28.6321164,152377612.6,,,,
,,28.66065199,152343697.6,,,,
,,28.68918764,152309471.5,,,,
,,28.71778052,152275245.4,,,,
,,28.73921086,152249731.3,,,,
,,28.76058391,152224217.3,,,,
,,28.78201425,152198703.2,,,,
,,28.80344459,152173189.2,,,,
,,28.82487493,152147675.2,,,,
,,28.84624797,152122161.1,,,,
,,28.86767831,152096647.1,,,,
,,28.88910866,152071133,,,,
,,28.910539,152045619,,,,
,,28.93196934,152020105,,,,
,,28.95334238,151994590.9,,,,
,,28.97477272,151969076.9,,,,
,,28.99620306,151943562.9,,,,
,,29.01763334,151918360,,,,
,,29.03906369,151892845.9,,,,
,,29.06043673,151867331.9,,,,
,,29.08186701,151841817.9,,,,
,,29.10329735,151816615,,,,
,,29.12472769,151791100.9,,,,
,,29.14610068,151765586.9,,,,
,,29.16753102,151740384,,,,
,,29.1889613,151714870,,,,
,,29.21039164,151689355.9,,,,
,,29.23182193,151664153,,,,
,,29.25319497,151638639,,,,
,,29.27462526,151613125,,,,
,,29.29605554,151587922.1,,,,
,,29.31748588,151562719.2,,,,
,,29.33885887,151537205.1,,,,
,,29.36028915,151512002.2,,,,
,,29.38171943,151486488.2,,,,
,,29.40314977,151461285.3,,,,
,,29.42458006,151435771.3,,,,
,,29.44595304,151410568.4,,,,
,,29.46738333,151385365.5,,,,
,,29.48881361,151359851.5,,,,
,,29.51024389,151334648.6,,,,
,,29.53167418,151309445.7,,,,
,,29.55304716,151284242.8,,,,
,,29.57447745,151258728.7,,,,
,,29.59590773,151233525.9,,,,
,,29.61733801,151208323,,,,
,,29.638711,151183120.1,,,,
,,29.66014128,151157917.2,,,,
,,29.68157157,151132714.3,,,,
,,29.70300179,151107511.4,,,,
,,29.72443208,151081997.4,,,,
,,29.74580506,151056794.5,,,,
,,29.76723535,151031591.6,,,,
,,29.78866557,151006388.7,,,,
,,29.81009585,150981185.8,,,,
,,29.83146878,150956294.1,,,,
,,29.85289901,150931091.2,,,,
,,29.87432924,150905888.3,,,,
,,29.89575946,150880685.4,,,,
,,29.91718969,150855482.5,,,,
,,29.93856262,150830590.7,,,,
,,29.95999284,150805387.9,,,,
,,29.98142307,150780496.1,,,,
,,30.00285324,150755293.2,,,,
,,30.02422617,150730401.5,,,,
,,30.04565634,150705198.6,,,,
,,30.06708651,150680306.8,,,,
,,30.08851667,150655415.1,,,,
,,30.1099469,150630212.2,,,,
,,30.13131977,150605320.5,,,,
,,30.15274988,150580428.7,,,,
,,30.17418005,150555537,,,,
,,30.19561022,150530645.2,,,,
,,30.21704039,150505753.5,,,,
,,30.2384132,150481172.9,,,,
,,30.25984337,150456281.1,,,,
,,30.28127348,150431389.4,,,,
,,30.30270365,150406808.8,,,,
,,30.32407647,150381917.1,,,,
,,30.34550658,150357025.3,,,,
,,30.36693675,150332444.7,,,,
,,30.38836686,150307864.1,,,,
,,30.40979697,150282972.4,,,,
,,30.43116979,150258391.8,,,,
,,30.4525999,150233811.2,,,,
,,30.47402995,150209230.6,,,,
,,30.49546006,150184650,,,,
,,30.51689017,150160069.4,,,,
,,30.53826293,150135488.8,,,,
,,30.55969304,150110908.2,,,,
,,30.5811231,150086327.6,,,,
,,30.60255321,150061747,,,,
,,30.62392597,150037477.5,,,,
,,30.64535602,150012896.9,,,,
,,30.66678613,149988627.5,,,,
,,30.68821619,149964046.9,,,,
,,30.70958894,149939777.4,,,,
,,30.731019,149915508,,,,
,,30.75244905,149890927.4,,,,
,,30.77387905,149866657.9,,,,
,,30.7953091,149842388.5,,,,
,,30.81668186,149818119,,,,
,,30.83811191,149793849.6,,,,
,,30.85954191,149769580.1,,,,
,,30.88097196,149745310.7,,,,
,,30.90240196,149721352.4,,,,
,,30.92377466,149697082.9,,,,
,,30.94520472,149672813.5,,,,
,,30.96663471,149648855.2,,,,
,,30.98806471,149624585.7,,,,
,,31.00943741,149600627.4,,,,
,,31.03086741,149576358,,,,
,,31.0522974,149552399.7,,,,
,,31.07372734,149528441.4,,,,
,,31.09515734,149504483.1,,,,
,,31.11653004,149480213.6,,,,
,,31.13795998,149456566.5,,,,
,,31.15938998,149432608.2,,,,
,,31.18081992,149408649.9,,,,
,,31.20219262,149384691.6,,,,
,,31.22362256,149360733.2,,,,
,,31.2450525,149337086.1,,,,
,,31.26648243,149313127.8,,,,
,,31.28791237,149289169.5,,,,
,,31.30928502,149265522.3,,,,
,,31.33071496,149241875.2,,,,
,,31.3521449,149217916.9,,,,
,,31.37357478,149194269.7,,,,
,,31.39494742,149170622.6,,,,
,,31.41637736,149146975.4,,,,
,,31.43780724,149123328.2,,,,
,,31.45923713,149099681.1,,,,
,,31.48066706,149076033.9,,,,
,,31.50203965,149052386.8,,,,
,,31.52346953,149028739.6,,,,
,,31.54489941,149005092.5,,,,
,,31.5663293,148981445.3,,,,
,,31.58770188,148958109.3,,,,
,,31.60913177,148934462.1,,,,
,,31.63056165,148911126.1,,,,
,,31.65199147,148887479,,,,
,,31.67336406,148864143,,,,
,,31.69479388,148840806.9,,,,
,,31.71622377,148817470.9,,,,
,,31.73765359,148793823.8,,,,
,,31.75908341,148770487.8,,,,
,,31.780456,148747151.8,,,,
,,31.80188583,148723815.7,,,,
,,31.82331565,148700479.7,,,,
,,31.84474548,148677454.9,,,,
,,31.86617524,148654118.9,,,,
,,31.88754777,148630782.8,,,,
,,31.9089776,148607758,,,,
,,31.93040742,148584422,,,,
,,31.95183719,148561397.1,,,,
,,31.97320972,148538061.1,,,,
,,31.99463948,148515036.2,,,,
,,32.01606925,148491700.2,,,,
,,32.03749908,148468675.4,,,,
,,32.05887155,148445650.5,,,,
,,32.08030132,148422625.6,,,,
,,32.10173108,148399600.8,,,,
,,32.12316085,148376575.9,,,,
,,32.14459062,148353551,,,,
,,32.16596303,148330526.2,,,,
,,32.18206401,148313413.1,,,,
,,32.19810768,148295988.9,,,,
,,32.21415136,148278875.8,,,,
,,32.23025228,148261762.7,,,,
,,32.24629596,148244649.7,,,,
,,32.26233958,148227536.6,,,,
,,32.27844055,148210112.4,,,,
,,32.29448417,148192999.3,,,,
,,32.31052785,148175886.2,,,,
,,32.32662876,148158773.1,,,,
,,32.34267244,148141660.1,,,,
,,32.35871606,148124547,,,,
,,32.37481698,148107433.9,,,,
,,32.3908606,148090320.9,,,,
,,32.40690428,148073518.9,,,,
,,32.42300519,148056405.8,,,,
,,32.43904881,148039292.8,,,,
,,32.45509243,148022179.7,,,,
,,32.47119335,148005377.8,,,,
,,32.48723697,147988264.7,,,,
,,32.50328059,147971151.6,,,,
,,32.51938145,147954349.7,,,,
,,32.53542507,147937236.6,,,,
,,32.55146869,147920434.7,,,,
,,32.56756961,147903321.6,,,,
,,32.58361323,147886519.7,,,,
,,32.59965679,147869406.6,,,,
,,32.61575771,147852604.7,,,,
,,32.63180127,147835491.6,,,,
,,32.64784489,147818689.7,,,,
,,32.66394575,147801887.8,,,,
,,32.67998937,147785085.8,,,,
,,32.69603293,147767972.8,,,,
,,32.71213379,147751170.8,,,,
,,32.72817741,147734368.9,,,,
,,32.74422097,147717567,,,,
,,32.76032183,147700765.1,,,,
,,32.7763654,147683963.1,,,,
,,32.79240902,147667161.2,,,,
,,32.80850988,147650359.3,,,,
,,32.82455344,147633557.3,,,,
,,32.840597,147616755.4,,,,
,,32.85669786,147599953.5,,,,
,,32.87274142,147583151.6,,,,
,,32.88878493,147566660.8,,,,
,,32.90488579,147549858.9,,,,
,,32.92092935,147533056.9,,,,
,,32.93697291,147516255,,,,
,,32.95307377,147499764.2,,,,
,,32.96911728,147482962.3,,,,
,,32.98516084,147466471.5,,,,
,,33.00120435,147449669.6,,,,
,,33.01730521,147433178.8,,,,
,,33.03334871,147416376.9,,,,
,,33.04944957,147399886.1,,,,
,,33.06549308,147383084.2,,,,
,,33.08153664,147366593.4,,,,
,,33.09758015,147350102.6,,,,
,,33.11368095,147333300.7,,,,
,,33.12972445,147316809.9,,,,
,,33.14576802,147300319.1,,,,
,,33.16186882,147283828.3,,,,
,,33.17791232,147267026.4,,,,
,,33.19395583,147250535.6,,,,
,,33.21005663,147234044.8,,,,
,,33.22610014,147217554.1,,,,
,,33.24214364,147201063.3,,,,
,,33.25824445,147184572.5,,,,
,,33.27428795,147168081.7,,,,
,,33.29033146,147151590.9,,,,
,,33.3064322,147135100.2,,,,
,,33.32247571,147118920.5,,,,
,,33.33851921,147102429.8,,,,
,,33.35461996,147085939,,,,
,,33.37066346,147069448.2,,,,
,,33.38670697,147053268.6,,,,
,,33.40280771,147036777.8,,,,
,,33.41885122,147020287,,,,
,,33.43489467,147004107.4,,,,
,,33.45099547,146987616.6,,,,
,,33.46703892,146971125.8,,,,
,,33.48308237,146954946.2,,,,
,,33.49918317,146938766.5,,,,
,,33.51522662,146922275.8,,,,
,,33.53127006,146906096.1,,,,
,,33.54737081,146889605.3,,,,
,,33.56341426,146873425.7,,,,
,,33.57945776,146857246.1,,,,
,,33.59555851,146840755.3,,,,
,,33.61160196,146824575.7,,,,
,,33.6276454,146808396,,,,
,,33.64374615,146792216.4,,,,
,,33.6597896,146776036.8,,,,
,,33.67583299,146759857.1,,,,
,,33.69193373,146743677.5,,,,
,,33.70797718,146727497.9,,,,
,,33.72402063,146711318.2,,,,
,,33.74012132,146695138.6,,,,
,,33.75616477,146678959,,,,
,,33.77220821,146662779.3,,,,
,,33.7883089,146646599.7,,,,
,,33.80435235,146630420.1,,,,
,,33.82039574,146614240.4,,,,
,,33.83649648,146598371.9,,,,
,,33.85253988,146582192.3,,,,
,,33.86858332,146566012.7,,,,
,,33.88468401,146550144.2,,,,
,,33.90072746,146533964.5,,,,
,,33.91677085,146517784.9,,,,
,,33.93281424,146501916.4,,,,
,,33.94891493,146485736.8,,,,
,,33.96495832,146469868.3,,,,
,,33.98105907,146453688.7,,,,
,,33.99710246,146437820.2,,,,
,,34.01314585,146421951.7,,,,
,,34.02918924,146405772.1,,,,
,,34.04528993,146389903.6,,,,
,,34.06133332,146374035.1,,,,
,,34.07737671,146357855.5,,,,
,,34.0934774,146341987,,,,
,,34.10952073,146326118.5,,,,
,,34.12556412,146310250,,,,
,,34.14166481,146294381.5,,,,
,,34.1577082,146278513,,,,
,,34.17375153,146262644.5,,,,
,,34.18985222,146246776,,,,
,,34.20589561,146230907.6,,,,
,,34.22193894,146215039.1,,,,
,,34.23803963,146199170.6,,,,
,,34.25408297,146183302.1,,,,
,,34.27012636,146167433.6,,,,
,,34.28622699,146151565.1,,,,
,,34.30227038,146135696.6,,,,
,,34.31831371,146120139.3,,,,
,,34.33441434,146104270.8,,,,
,,34.35045768,146088402.3,,,,
,,34.36650107,146072845,,,,
,,34.3826017,146056976.5,,,,
,,34.39864503,146041108,,,,
,,34.41468836,146025550.7,,,,
,,34.43078899,146009682.2,,,,
,,34.44683233,145994124.8,,,,
,,34.46287566,145978256.4,,,,
,,34.47496547,145966743.9,,,,
,,34.48699799,145954920.3,,,,
,,34.50504673,145937185,,,,
,,34.51180786,145930650.9,,,,
,,34.5220068,145920694.2,,,,
,,34.53724799,145905759.1,,,,
,,34.55248913,145891135.2,,,,
,,34.56773032,145876200.2,,,,
,,34.58297145,145861265.2,,,,
,,34.59821259,145846641.3,,,,
,,34.61345373,145831706.2,,,,
,,34.62869492,145816771.2,,,,
,,34.64393605,145802147.3,,,,
,,34.65923449,145787212.2,,,,
,,34.67447562,145772588.3,,,,
,,34.68971676,145757653.3,,,,
,,34.70495789,145743029.4,,,,
,,34.72019903,145728405.5,,,,
,,34.73544016,145713470.4,,,,
,,34.74689966,145702580.3,,,,
,,34.75830187,145691379,,,,
,,34.76689652,145683289.2,,,,
,,34.77973118,145670843.3,,,,
,,34.79262307,145658397.4,,,,
,,34.80545773,145645951.6,,,,
,,34.81834962,145633505.7,,,,
,,34.83118428,145621059.8,,,,
,,34.84407623,145608925.1,,,,
,,34.85691083,145596479.2,,,,
,,34.86980278,145584033.4,,,,
,,34.88269467,145571587.5,,,,
,,34.89552933,145559452.8,,,,
,,34.90842122,145547006.9,,,,
,,34.92125588,145534561,,,,
,,34.93414777,145522426.3,,,,
,,34.94698237,145509980.4,,,,
,,34.95987432,145497534.5,,,,
,,34.97270892,145485399.8,,,,
,,34.98560087,145472953.9,,,,
,,34.99843547,145460819.2,,,,
,,35.01132736,145448373.3,,,,
,,35.02416196,145435927.5,,,,
,,35.03705391,145423792.8,,,,
,,35.04988851,145411346.9,,,,
,,35.06278041,145399212.2,,,,
,,35.07561501,145387077.4,,,,
,,35.08850696,145374631.6,,,,
,,35.10134155,145362496.8,,,,
,,35.11423345,145350051,,,,
,,35.12706805,145337916.2,,,,
,,35.13995994,145325781.5,,,,
,,35.15279454,145313335.6,,,,
,,35.16568643,145301200.9,,,,
,,35.17852103,145289066.2,,,,
,,35.19141293,145276931.5,,,,
,,35.20424753,145264485.6,,,,
,,35.21713942,145252350.9,,,,
,,35.22997402,145240216.1,,,,
,,35.24286591,145228081.4,,,,
,,35.25570051,145215635.5,,,,
,,35.2685924,145203500.8,,,,
,,35.281427,145191366.1,,,,
,,35.2943189,145179231.4,,,,
,,35.3071535,145167096.6,,,,
,,35.32004533,145154961.9,,,,
,,35.33287993,145142827.2,,,,
,,35.34577182,145130692.5,,,,
,,35.35860642,145118557.7,,,,
,,35.37149832,145106423,,,,
,,35.37470694,145103311.5,,,,
,,35.37791556,145100200.1,,,,
,,35.38272858,145095844,,,,
,,35.39000531,145088998.8,,,,
,,35.4008345,145078730.9,,,,
,,35.40897067,145070952.3,,,,
,,35.42117502,145059439.8,,,,
,,35.43337931,145047927.4,,,,
,,35.44564089,145036415,,,,
,,35.45784523,145024902.5,,,,
,,35.47004952,145013390.1,,,,
,,35.48225381,145002188.8,,,,
,,35.49445815,144990676.4,,,,
,,35.50666244,144979164,,,,
,,35.51886673,144967651.5,,,,
,,35.53107102,144956139.1,,,,
,,35.54327536,144944626.7,,,,
,,35.55553694,144933425.4,,,,
,,35.56774123,144921913,,,,
,,35.57994552,144910400.5,,,,
,,35.59214981,144898888.1,,,,
,,35.60435409,144887686.8,,,,
,,35.61655844,144876174.4,,,,
,,35.62876273,144864661.9,,,,
,,35.64096701,144853460.7,,,,
,,35.6531713,144841948.2,,,,
,,35.66543289,144830435.8,,,,
,,35.67763717,144819234.5,,,,
,,35.68984146,144807722.1,,,,
,,35.70204575,144796520.8,,,,
,,35.71425004,144785008.4,,,,
,,35.72645432,144773495.9,,,,
,,35.73865861,144762294.6,,,,
,,35.7508629,144750782.2,,,,
,,35.76306719,144739580.9,,,,
,,35.77532877,144728068.5,,,,
,,35.78753306,144716867.2,,,,
,,35.79973729,144705354.8,,,,
,,35.81194157,144694153.5,,,,
,,35.82414586,144682952.2,,,,
,,35.83635015,144671439.8,,,,
,,35.84855444,144660238.5,,,,
,,35.86075872,144648726.1,,,,
,,35.87296295,144637524.8,,,,
,,35.88522454,144626323.5,,,,
,,35.89742883,144614811.1,,,,
,,35.90963311,144603609.8,,,,
,,35.92183734,144592408.5,,,,
,,35.93404163,144580896.1,,,,
,,35.94624592,144569694.8,,,,
,,35.95845021,144558493.5,,,,
,,35.97065444,144546981.1,,,,
,,35.98285872,144535779.8,,,,
,,35.99512031,144524578.5,,,,
,,36.00732454,144513377.2,,,,
,,36.01952882,144502175.9,,,,
,,36.03173305,144490663.5,,,,
,,36.04393734,144479462.2,,,,
,,36.05614163,144468260.9,,,,
,,36.06530913,144459860,,,,
,,36.07447662,144451459,,,,
,,36.0881706,144438702,,,,
,,36.10192187,144426256.1,,,,
,,36.11223534,144416610.5,,,,
,,36.12254881,144407276.1,,,,
,,36.13286228,144397630.6,,,,
,,36.14317575,144388296.2,,,,
,,36.15343187,144378961.8,,,,
,,36.16374534,144369316.2,,,,
,,36.17405881,144359981.8,,,,
,,36.18437222,144350647.4,,,,
,,36.19468569,144341001.9,,,,
,,36.20494186,144331667.5,,,,
,,36.21525533,144322333.1,,,,
,,36.22556874,144312687.5,,,,
,,36.23588221,144303353.1,,,,
,,36.24619568,144294018.7,,,,
,,36.2564518,144284373.2,,,,
,,36.26676527,144275038.8,,,,
,,36.27707868,144265704.3,,,,
,,36.28739215,144256369.9,,,,
,,36.29770562,144246724.4,,,,
,,36.30801903,144237390,,,,
,,36.31827521,144228055.6,,,,
,,36.32858862,144218721.2,,,,
,,36.33890209,144209075.6,,,,
,,36.3492155,144199741.2,,,,
,,36.35952897,144190406.8,,,,
,,36.36978514,144181072.4,,,,
,,36.38009856,144171738,,,,
,,36.38399473,144168004.3,,,,
,,36.38978171,144162714.8,,,,
,,36.39843355,144154936.1,,,,
,,36.41149727,144143112.5,,,,
,,36.42129502,144134089.3,,,,
,,36.43103548,144125377.1,,,,
,,36.44083329,144116353.9,,,,
,,36.45550123,144102974.6,,,,
,,36.47016924,144089595.3,,,,
,,36.48117026,144079638.6,,,,
,,36.49217128,144069681.9,,,,
,,36.50317224,144059725.2,,,,
,,36.51417326,144049768.5,,,,
,,36.52517422,144039811.8,,,,
,,36.53617524,144029855.1,,,,
,,36.54717626,144019898.4,,,,
,,36.55817722,144009941.7,,,,
,,36.56917824,143999985,,,,
,,36.5801792,143990028.3,,,,
,,36.59118022,143980071.6,,,,
,,36.60218118,143970114.9,,,,
,,36.6131822,143960158.2,,,,
,,36.62418316,143950201.5,,,,
,,36.63518418,143940244.8,,,,
,,36.64618514,143930288.1,,,,
,,36.65718616,143920331.4,,,,
,,36.66818712,143910374.7,,,,
,,36.67918814,143900418,,,,
,,36.6901891,143890772.5,,,,
,,36.70119006,143880815.8,,,,
,,36.71219108,143870859.1,,,,
,,36.72319204,143860902.4,,,,
,,36.73419306,143850945.7,,,,
,,36.74525132,143840989,,,,
,,36.75619499,143831343.4,,,,
,,36.7672533,143821386.7,,,,
,,36.77825426,143811430,,,,
,,36.78925522,143801473.3,,,,
,,36.80025624,143791516.6,,,,
,,36.8112572,143781871.1,,,,
,,36.82225817,143771914.4,,,,
,,36.83325913,143761957.7,,,,
,,36.84426015,143752001,,,,
,,36.85526111,143742355.4,,,,
,,36.86626207,143732398.7,,,,
,,36.87726309,143722442,,,,
,,36.88826405,143712796.5,,,,
,,36.89926501,143702839.8,,,,
,,36.91026597,143692883.1,,,,
,,36.92126693,143683237.5,,,,
,,36.93226795,143673280.8,,,,
,,36.94326891,143663324.1,,,,
,,36.95426988,143653678.6,,,,
,,36.96527084,143643721.9,,,,
,,36.9762718,143634076.3,,,,
,,36.98727276,143624119.6,,,,
,,36.99827372,143614474.1,,,,
,,37.00927474,143604517.4,,,,
,,37.0202757,143594560.7,,,,
,,37.03127666,143584915.1,,,,
,,37.04227763,143574958.4,,,,
,,37.05327859,143565312.9,,,,
,,37.06427955,143555356.2,,,,
,,37.07528051,143545710.6,,,,
,,37.08628147,143535754,,,,
,,37.09728243,143526108.4,,,,
,,37.10828339,143516151.7,,,,
,,37.11928436,143506506.2,,,,
,,37.13028532,143496860.6,,,,
,,37.14128628,143486903.9,,,,
,,37.15228724,143477258.4,,,,
,,37.1632882,143467301.7,,,,
,,37.17428916,143457656.1,,,,
,,37.18529013,143448010.6,,,,
,,37.19629109,143438053.9,,,,
,,37.20729205,143428408.3,,,,
,,37.21829301,143418451.6,,,,
,,37.22929397,143408806.1,,,,
,,37.24029493,143399160.5,,,,
,,37.25129584,143389515,,,,
,,37.2622968,143379558.3,,,,
,,37.27329776,143369912.7,,,,
,,37.28429872,143360267.2,,,,
,,37.29529968,143350310.5,,,,
,,37.30630065,143340664.9,,,,
,,37.31730155,143331019.4,,,,
,,37.32830251,143321373.8,,,,
,,37.33930347,143311417.1,,,,
,,37.35030443,143301771.6,,,,
,,37.3613054,143292126,,,,
,,37.3723063,143282480.5,,,,
,,37.38330726,143272523.8,,,,
,,37.39430822,143262878.2,,,,
,,37.40530918,143253232.7,,,,
,,37.41631015,143243587.1,,,,
,,37.42731105,143233941.6,,,,
,,37.43281156,143228963.2,,,,
,,37.43831201,143224296,,,,
,,37.44656272,143216828.5,,,,
,,37.45893878,143205938.3,,,,
,,37.46822081,143197848.5,,,,
,,37.4775029,143189758.7,,,,
,,37.48449304,143183535.8,,,,
,,37.49492104,143174512.5,,,,
,,37.50540629,143165178.1,,,,
,,37.51583429,143156154.9,,,,
,,37.52626224,143146820.4,,,,
,,37.53669024,143137797.2,,,,
,,37.54717548,143128462.8,,,,
,,37.55760349,143119439.5,,,,
,,37.56803143,143110105.1,,,,
,,37.57845944,143101081.9,,,,
,,37.58894468,143091747.5,,,,
,,37.59937268,143082724.2,,,,
,,37.60980063,143073700.9,,,,
,,37.62022863,143064366.5,,,,
,,37.63071388,143055343.3,,,,
,,37.64114182,143046008.9,,,,
,,37.65156983,143036985.6,,,,
,,37.66199777,143027962.4,,,,
,,37.67248307,143018628,,,,
,,37.68291102,143009604.7,,,,
,,37.69333896,143000581.4,,,,
,,37.70382426,142991247,,,,
,,37.71425221,142982223.8,,,,
,,37.72468016,142973200.5,,,,
,,37.73510816,142963866.1,,,,
,,37.7455934,142954842.9,,,,
,,37.75602135,142945819.6,,,,
,,37.76644935,142936796.4,,,,
,,37.7768773,142927462,,,,
,,37.78736254,142918438.7,,,,
,,37.79779055,142909415.4,,,,
,,37.80821849,142900392.2,,,,
,,37.81864644,142891057.8,,,,
,,37.82913174,142882034.5,,,,
,,37.83955968,142873011.3,,,,
,,37.84998763,142863988,,,,
,,37.86041558,142854653.6,,,,
,,37.87090088,142845630.3,,,,
,,37.88132882,142836607.1,,,,
,,37.89175677,142827583.8,,,,
,,37.90224201,142818560.6,,,,
,,37.91266996,142809537.3,,,,
,,37.92309796,142800202.9,,,,
,,37.93352591,142791179.7,,,,
,,37.94401115,142782156.4,,,,
,,37.9544391,142773133.1,,,,
,,37.96486704,142764109.9,,,,
,,37.97529505,142755086.6,,,,
,,37.98578029,142746063.4,,,,
,,37.99620824,142737040.1,,,,
,,38.00663618,142728016.8,,,,
,,38.01706413,142718682.4,,,,
,,38.02754937,142709659.2,,,,
,,38.03797732,142700635.9,,,,
,,38.04840526,142691612.7,,,,
,,38.05883327,142682589.4,,,,
,,38.06931851,142673566.2,,,,
,,38.07974646,142664542.9,,,,
,,38.0901744,142655519.6,,,,
,,38.10065965,142646496.4,,,,
,,38.11108759,142637473.1,,,,
,,38.12151554,142628449.9,,,,
,,38.13194349,142619426.6,,,,
,,38.14242873,142610403.4,,,,
,,38.15285667,142601380.1,,,,
,,38.15807065,142597024,,,,
,,38.16328462,142592356.8,,,,
,,38.17113426,142585822.8,,,,
,,38.18288001,142575554.9,,,,
,,38.19170367,142568087.4,,,,
,,38.20046998,142560308.7,,,,
,,38.20929365,142552841.2,,,,
,,38.21811731,142545062.5,,,,
,,38.22694092,142537595,,,,
,,38.23576458,142530127.5,,,,
,,38.24453095,142522348.8,,,,
,,38.25335456,142514881.3,,,,
,,38.26217822,142507413.8,,,,
,,38.27100189,142499635.1,,,,
,,38.2797682,142492167.6,,,,
,,38.28859187,142484388.9,,,,
,,38.29523823,142478788.3,,,,
,,38.30515052,142470387.3,,,,
,,38.3150628,142461675.2,,,,
,,38.32497509,142453274.2,,,,
,,38.33488731,142444873.3,,,,
,,38.3447996,142436161.1,,,,
,,38.35471188,142427760.2,,,,
,,38.36462417,142419359.2,,,,
,,38.37453645,142410647.1,,,,
,,38.38444868,142402246.1,,,,
,,38.39436096,142393845.2,,,,
,,38.40427325,142385133.1,,,,
,,38.41418553,142376732.1,,,,
,,38.42409776,142368331.1,,,,
,,38.43401004,142359619,,,,
,,38.44392233,142351218.1,,,,
,,38.45383461,142342817.1,,,,
,,38.46374684,142334416.1,,,,
,,38.47365912,142325704,,,,
,,38.48357141,142317303.1,,,,
,,38.49348364,142308902.1,,,,
,,38.50339592,142300501.1,,,,
,,38.5133082,142291789,,,,
,,38.52322049,142283388.1,,,,
,,38.53313272,142274987.1,,,,
,,38.543045,142266586.1,,,,
,,38.55295728,142257874,,,,
,,38.56286951,142249473.1,,,,
,,38.5727818,142241072.1,,,,
,,38.58269408,142232671.1,,,,
,,38.59260631,142224270.2,,,,
,,38.60251859,142215558.1,,,,
,,38.61243088,142207157.1,,,,
,,38.6223431,142198756.1,,,,
,,38.63225539,142190355.2,,,,
,,38.64216762,142181954.2,,,,
,,38.6520799,142173553.2,,,,
,,38.66199218,142165152.3,,,,
,,38.67190441,142156440.2,,,,
,,38.6818167,142148039.2,,,,
,,38.69172892,142139638.2,,,,
,,38.70164121,142131237.3,,,,
,,38.71155349,142122836.3,,,,
,,38.72146572,142114435.4,,,,
,,38.731378,142106034.4,,,,
,,38.74129023,142097633.4,,,,
,,38.75120252,142089232.5,,,,
,,38.76111474,142080831.5,,,,
,,38.77102703,142072430.5,,,,
,,38.78093925,142063718.4,,,,
,,38.79085154,142055317.5,,,,
,,38.80076377,142046916.5,,,,
,,38.81067605,142038515.5,,,,
,,38.82058828,142030114.6,,,,
,,38.83050056,142021713.6,,,,
,,38.84041285,142013312.6,,,,
,,38.85032507,142004911.7,,,,
,,38.8602373,141996510.7,,,,
,,38.87014958,141988109.8,,,,
,,38.88006181,141979708.8,,,,
,,38.8899741,141971307.8,,,,
,,38.89988632,141962906.9,,,,
,,38.90979861,141954505.9,,,,
,,38.91971084,141946104.9,,,,
,,38.92962312,141937704,,,,
,,38.93953535,141929303,,,,
,,38.94944763,141920902,,,,
,,38.95935986,141912812.2,,,,
,,38.96927214,141904411.3,,,,
,,38.97672065,141897877.2,,,,
,,38.98416916,141891654.2,,,,
,,38.9952846,141882319.8,,,,
,,39.00364984,141875163.5,,,,
,,39.01201514,141868318.2,,,,
,,39.02038038,141861161.9,,,,
,,39.02874562,141854005.5,,,,
,,39.03711086,141846849.1,,,,
,,39.0454761,141840003.9,,,,
,,39.05384134,141832847.5,,,,
,,39.05699267,141830358.3,,,,
,,39.06169098,141826313.4,,,,
,,39.06873842,141820401.6,,,,
,,39.07137402,141818223.6,,,,
,,39.07538473,141814801,,,,
,,39.08134355,141809822.6,,,,
,,39.09022451,141802044,,,,
,,39.09916271,141794576.4,,,,
,,39.10810091,141787108.9,,,,
,,39.1170391,141779641.4,,,,
,,39.1259773,141772173.9,,,,
,,39.13491556,141764395.2,,,,
,,39.14385376,141756927.7,,,,
,,39.15279196,141749460.2,,,,
,,39.16167286,141741992.6,,,,
,,39.17061106,141734525.1,,,,
,,39.17954932,141727057.6,,,,
,,39.18848751,141719278.9,,,,
,,39.19742571,141711811.4,,,,
,,39.20636391,141704343.9,,,,
,,39.21530211,141696876.3,,,,
,,39.22424031,141689408.8,,,,
,,39.23317857,141681941.3,,,,
,,39.24205947,141674473.8,,,,
,,39.25099767,141667006.3,,,,
,,39.25993587,141659227.6,,,,
,,39.26887407,141651760.1,,,,
,,39.27781226,141644292.5,,,,
,,39.28675046,141636825,,,,
,,39.29568872,141629357.5,,,,
,,39.30462692,141621890,,,,
,,39.31350782,141614422.4,,,,
,,39.32244602,141606954.9,,,,
,,39.33138422,141599487.4,,,,
,,39.34032242,141592019.9,,,,
,,39.34926062,141584552.3,,,,
,,39.35819882,141577084.8,,,,
,,39.36713702,141569617.3,,,,
,,39.37607521,141562149.8,,,,
,,39.38501347,141554371.1,,,,
,,39.39389437,141546903.6,,,,
,,39.40283257,141539436.1,,,,
,,39.41177077,141531968.5,,,,
,,39.42070897,141524501,,,,
,,39.42964717,141517033.5,,,,
,,39.43858537,141509566,,,,
,,39.44752357,141502098.4,,,,
,,39.45646177,141494630.9,,,,
,,39.46534267,141487163.4,,,,
,,39.47428087,141479695.9,,,,
,,39.48321907,141472228.4,,,,
,,39.49215727,141464760.8,,,,
,,39.50109546,141457293.3,,,,
,,39.51003366,141449825.8,,,,
,,39.51897186,141442358.3,,,,
,,39.52791006,141434890.7,,,,
,,39.53684826,141427423.2,,,,
,,39.54572916,141420266.8,,,,
,,39.55466736,141412799.3,,,,
,,39.56360556,141405331.8,,,,
,,39.57254376,141397864.3,,,,
,,39.58148196,141390396.7,,,,
,,39.59042016,141382929.2,,,,
,,39.59935836,141375461.7,,,,
,,39.60829656,141367994.2,,,,
,,39.61717746,141360526.7,,,,
,,39.62611566,141353059.1,,,,
,,39.63505386,141345591.6,,,,
,,39.64399206,141338124.1,,,,
,,39.65293025,141330656.6,,,,
,,39.66186845,141323189,,,,
,,39.67080665,141316032.7,,,,
,,39.67974485,141308565.1,,,,
,,39.68862575,141301097.6,,,,
,,39.69756395,141293630.1,,,,
,,39.70650215,141286162.6,,,,
,,39.71544035,141278695,,,,
,,39.72437855,141271227.5,,,,
,,39.73331675,141263760,,,,
,,39.74225495,141256603.6,,,,
,,39.75119315,141249136.1,,,,
,,39.76013135,141241668.6,,,,
,,39.76901219,141234201,,,,
,,39.77795039,141226733.5,,,,
,,39.78688859,141219266,,,,
,,39.79582679,141211798.5,,,,
,,39.80476499,141204642.1,,,,
,,39.81370319,141197174.6,,,,
,,39.82264138,141189707.1,,,,
,,39.83157958,141182239.5,,,,
,,39.84051778,141174772,,,,
,,39.84939869,141167615.6,,,,
,,39.85833683,141160148.1,,,,
,,39.86727503,141152680.6,,,,
,,39.87621322,141145213.1,,,,
,,39.88515142,141137745.5,,,,
,,39.89408962,141130589.2,,,,
,,39.90302782,141123121.6,,,,
,,39.91196602,141115654.1,,,,
,,39.92084687,141108186.6,,,,
,,39.92978507,141100719.1,,,,
,,39.93872326,141093562.7,,,,
,,39.94766146,141086095.2,,,,
,,39.95659966,141078627.6,,,,
,,39.96553786,141071160.1,,,,
,,39.974476,141064003.7,,,,
,,39.9834142,141056536.2,,,,
,,39.9922951,141049068.7,,,,
,,40.0012333,141041601.2,,,,
,,40.0101715,141034444.8,,,,
,,40.0191097,141026977.3,,,,
,,40.02804784,141019509.8,,,,
,,40.03698604,141012042.2,,,,
,,40.04592424,141004885.9,,,,
,,40.05486244,140997418.3,,,,
,,40.06380064,140989950.8,,,,
,,40.07268148,140982794.4,,,,
,,40.08161968,140975326.9,,,,
,,40.09055788,140967859.4,,,,
,,40.09949608,140960391.9,,,,
,,40.10843422,140953235.5,,,,
,,40.11737242,140945768,,,,
,,40.12631062,140938300.4,,,,
,,40.13524882,140931144.1,,,,
,,40.14418702,140923676.5,,,,
,,40.15306786,140916209,,,,
,,40.16200606,140909052.6,,,,
,,40.17094426,140901585.1,,,,
,,40.17988246,140894117.6,,,,
,,40.1888206,140886961.2,,,,
,,40.1977588,140879493.7,,,,
,,40.206697,140872026.2,,,,
,,40.2156352,140864869.8,,,,
,,40.22451604,140857402.3,,,,
,,40.23345424,140850245.9,,,,
,,40.24239244,140842778.4,,,,
,,40.25133058,140835310.8,,,,
,,40.26026878,140828154.5,,,,
,,40.26920698,140820686.9,,,,
,,40.27814518,140813219.4,,,,
,,40.28708332,140806063,,,,
,,40.29602152,140798595.5,,,,
,,40.30490242,140791439.1,,,,
,,40.31384057,140783971.6,,,,
,,40.32277876,140776504.1,,,,
,,40.33171696,140769347.7,,,,
,,40.34065511,140761880.2,,,,
,,40.3495933,140754723.8,,,,
,,40.35222891,140752545.8,,,,
