PaperExtension,PaperStress,VMExtension,VMStress,NguyenExtension,NguyenStress,BoudardExtension,BoudardStress
0.00E+00,0.00E+00,0,0,0,0,0,0
5.56E-04,3.26E+07,4.94E-05,2282923.906,1.41E-05,658466.1214,1.43E-05,658466.1214
6.80E-04,3.89E+07,0.00020038,9254019.909,2.82E-05,1316940.53,2.85E-05,1316940.53
1.11E-03,4.14E+07,0.00059209,27252444.27,4.23E-05,1975428.061,4.28E-05,1975428.061
1.98E-03,4.29E+07,0.000917275,41928388.61,5.64E-05,2633915.592,5.70E-05,2633915.592
4.33E-03,4.51E+07,0.000917275,41928388.61,7.05E-05,3292423.842,7.13E-05,3292423.842
7.05E-03,4.62E+07,0.000914581,41790884.29,8.47E-05,3950932.092,8.56E-05,3950932.092
9.40E-03,4.66E+07,0.000916039,41843648.37,9.88E-05,4609454.154,9.99E-05,4609454.154
1.25E-02,4.69E+07,0.000917648,41893926.2,0.000112927,5267983.123,0.000114156,5267983.123
1.51E-02,4.69E+07,0.000920096,41966096.97,0.000127061,5926525.905,0.000128448,5926525.905
1.76E-02,4.73E+07,0.000923886,42066652.62,0.000141199,6585075.592,0.000142745,6585075.592
2.30E-02,4.73E+07,0.000929927,42197803.14,0.000155341,7243666.717,0.000157046,7243666.717
2.62E-02,4.77E+07,0.000940719,42342559.07,0.000169488,7902181.874,0.000171353,7902181.874
2.94E-02,4.73E+07,0.000954366,42399190.68,0.000183638,8560766.093,0.000185664,8560766.093
3.18E-02,4.73E+07,0.000973431,42423017.4,0.000197792,9219350.312,0.00019998,9219350.312
3.55E-02,4.73E+07,0.001001796,42448570.69,0.00021195,9877934.531,0.000214301,9877934.531
3.85E-02,4.73E+07,0.001044301,42486555.31,0.000226113,10536587.81,0.000228627,10536587.81
,,0.001107979,42542910.67,0.000240279,11195172.03,0.000242958,11195172.03
,,0.001203334,42626545.89,0.000254449,11853825.31,0.000257294,11853825.31
,,0.001314077,42750375.75,0.000268624,12512409.53,0.000271635,12512409.53
,,0.001425147,42891540.4,0.000282803,13171062.82,0.000285981,13171062.82
,,0.001536156,43030978.48,0.000296985,13829716.1,0.000300331,13829716.1
,,0.001647095,43169311.55,0.000311172,14488369.38,0.000314687,14488369.38
,,0.001758008,43306677.75,0.000325362,15147091.72,0.000329047,15147091.72
,,0.001868856,43443215.18,0.000339557,15805745.01,0.000343412,15805745.01
,,0.00197969,43579061.99,0.000353756,16464467.35,0.000357783,16464467.35
,,0.002090479,43714080.04,0.000367958,17123120.63,0.000372158,17123120.63
,,0.002201255,43848614.66,0.000382165,17781842.98,0.000386538,17781842.98
,,0.002313277,43982251.45,0.000396376,18440565.32,0.000400924,18440565.32
,,0.002424383,44073690.79,0.000410591,19099287.67,0.000415314,19099287.67
,,0.002534726,44129493.64,0.000424809,19758010.01,0.000429709,19758010.01
,,0.002645025,44185227.44,0.000439033,20416801.42,0.000444109,20416801.42
,,0.002755293,44240546.86,0.00045326,21075523.77,0.000458514,21075523.77
,,0.002865518,44295728.15,0.000467491,21734315.17,0.000472925,21734315.17
,,0.002975727,44350633.19,0.000481726,22393037.52,0.000487339,22393037.52
,,0.003085898,44405331.04,0.000495965,23051828.93,0.00050176,23051828.93
,,0.003196038,44459890.76,0.000510208,23710620.33,0.000516184,23710620.33
,,0.003306145,44514243.3,0.000524455,24369411.74,0.000530614,24369411.74
,,0.003416218,44568526.77,0.000538706,25028272.21,0.000545049,25028272.21
,,0.003526462,44622603.05,0.000552962,25687063.62,0.000559489,25687063.62
,,0.003637084,44673640.57,0.000567221,26345924.09,0.000573934,26345924.09
,,0.003747164,44710865.49,0.000581484,27004715.5,0.000588384,27004715.5
,,0.003856963,44741253.19,0.000595751,27663575.97,0.000602838,27663575.97
,,0.003966713,44769845.25,0.000610023,28322436.44,0.000617298,28322436.44
,,0.00407642,44798368.24,0.000624316,28981296.91,0.000631763,28981296.91
,,0.0041861,44826753.11,0.000638714,29640157.38,0.000646232,29640226.45
,,0.004295751,44855137.98,0.000653307,30298879.73,0.000660721,30299086.92
,,0.004405364,44883453.79,0.000668333,30957602.07,0.000675298,30957947.39
,,0.004514948,44911700.53,0.000668333,30957602.07,0.00069004,31616738.8
,,0.004624513,44939878.21,0.000666638,30871342.46,0.000705091,32275392.08
,,0.004734153,44967986.83,0.000667943,30924313.73,0.000721374,32934459.74
,,0.004843954,44994990.44,0.000669315,30974867.81,0.000721374,32934459.74
,,0.004953638,45018540.9,0.000671353,31045933.58,0.000716476,32694120.7
,,0.005063113,45039812.29,0.000674395,31141585.75,0.000717595,32729826.24
,,0.005172435,45059080.85,0.000679023,31256368.36,0.000718843,32761042.69
,,0.005281701,45077037.21,0.000685235,31344147.36,0.000720729,32801582.64
,,0.005390929,45094717.33,0.000691909,31352987.42,0.000723667,32846059.17
,,0.005500127,45112397.44,0.000701839,31363001.55,0.000727294,32866363.68
,,0.005609292,45130008.49,0.000716705,31377988.2,0.000732205,32872717.47
,,0.005718424,45147619.54,0.000738931,31400157.41,0.000739518,32880176.26
,,0.005827553,45165230.59,0.000772115,31433169.49,0.000750473,32891295.4
,,0.005936761,45182634.45,0.000821529,31481927.93,0.00076687,32907801.44
,,0.006046004,45199140.5,0.000878576,31554305.9,0.000791385,32932387.85
,,0.006155158,45214541.53,0.000935447,31637112.36,0.000827982,32968922.15
,,0.006264231,45229321,0.000991885,31718951.95,0.000882488,33022791.24
,,0.006373211,45243478.91,0.001047901,31800100.91,0.000945433,33102628
,,0.006482103,45256877.12,0.001103496,31880697.36,0.001008212,33193860.15
,,0.006590927,45269722.82,0.001158665,31960672.25,0.001070555,33283849.16
,,0.006699709,45282085.09,0.001213429,32040163.7,0.001132472,33373078.48
,,0.006808469,45294378.29,0.001267755,32119171.7,0.001193986,33461686.24
,,0.006917213,45306671.5,0.001321672,32197834.39,0.001255099,33549396.18
,,0.007025966,45318895.64,0.00137516,32276013.64,0.001315818,33636691.74
,,0.00713476,45330705.4,0.001428226,32353985.71,0.001376166,33723365.73
,,0.0072435,45341962.66,0.001480892,32431681.52,0.001436154,33809625.34
,,0.007352206,45352943.67,0.001533114,32508893.89,0.001495787,33895263.39
,,0.007460849,45363648.42,0.001584933,32585968.13,0.001555109,33980694.25
,,0.00756942,45374076.93,0.001636405,32662835.18,0.001614101,34065572.61
,,0.007677947,45384367.31,0.001687452,32732726.88,0.001672781,34150243.78
,,0.0077864,45394381.43,0.001737383,32772161.82,0.00173123,34234638.69
,,0.007894823,45404119.31,0.001786844,32808557.99,0.001789525,34314406.39
,,0.008003215,45413511.87,0.001835861,32844816.04,0.001846732,34359849.81
,,0.008111608,45422697.24,0.001884473,32880935.96,0.001903491,34399561
,,0.008220019,45431468.23,0.001932631,32916917.75,0.001959906,34439134.06
,,0.00832839,45440032.04,0.001980334,32952899.54,0.00201599,34478499.94
,,0.00843674,45448319.59,0.00202761,32988812.27,0.002071708,34517658.63
,,0.008545049,45456538.08,0.002074439,33024725,0.002127046,34556748.26
,,0.008653316,45464618.45,0.002120832,33060568.67,0.00218203,34595768.82
,,0.008761524,45472560.69,0.002166827,33096481.4,0.002236635,34634720.32
,,0.00886969,45480364.8,0.002212374,33132256,0.002290879,34673602.75
,,0.008977805,45488168.91,0.002257482,33168030.61,0.00234478,34712485.19
,,0.00908589,45495834.9,0.002302151,33203874.28,0.002398294,34751160.44
,,0.009193946,45503293.69,0.002346391,33239787.01,0.002451429,34789973.81
,,0.009301983,45510338.11,0.002390183,33275630.67,0.002504177,34828718.12
,,0.009409992,45517175.35,0.002433534,33311612.47,0.002556555,34867531.5
,,0.009517966,45523736.33,0.00247646,33346903.63,0.002608561,34906275.81
,,0.009625903,45530159.18,0.002518835,33376393.51,0.002660195,34945089.18
,,0.009733811,45536443.91,0.002560684,33401187.1,0.002711392,34979068.15
,,0.009841671,45542728.63,0.002602085,33425704.45,0.002762063,35006278.95
,,0.009949502,45548875.24,0.002643046,33450221.79,0.002812342,35032453.8
,,0.010057332,45555021.84,0.002683547,33474877.26,0.002862238,35058559.6
,,0.01016516,45560961.25,0.002723617,33499532.73,0.002911728,35084803.51
,,0.010272888,45566762.54,0.002763237,33524326.33,0.002960843,35111047.43
,,0.010380612,45572425.7,0.002802407,33549258.05,0.003009561,35137360.41
,,0.010488335,45577881.67,0.002841165,33574189.77,0.003057893,35163811.52
,,0.010595959,45583268.58,0.002879483,33599190.56,0.003105847,35190331.69
,,0.010703486,45588586.43,0.002917418,33624260.41,0.003153434,35216851.86
,,0.010811113,45593766.15,0.002954911,33649399.32,0.003200661,35243441.09
,,0.010918644,45598807.74,0.002991973,33674607.29,0.003247519,35270030.32
,,0.011026077,45603780.28,0.003028583,33699953.39,0.003293986,35296757.68
,,0.011133611,45608614.68,0.003064761,33725368.55,0.003340065,35323623.17
,,0.011241046,45613241.9,0.003100507,33750990.91,0.003385754,35350557.72
,,0.01134848,45617730.99,0.003135811,33776544.19,0.003431061,35377630.39
,,0.011455914,45622151.02,0.003170624,33800509.04,0.003475967,35404081.5
,,0.01156325,45626432.92,0.003204958,33822401.99,0.003520443,35428046.34
,,0.011670584,45630714.82,0.003238821,33842913.68,0.003564492,35449801.16
,,0.011777819,45634927.66,0.003272242,33863356.31,0.003608142,35471072.55
,,0.011885053,45639140.5,0.00330524,33883937.07,0.003651411,35492482.06
,,0.011992286,45643146.15,0.003337824,33904586.89,0.003694297,35514029.7
,,0.012099418,45647082.74,0.003369995,33925374.84,0.003736819,35535577.34
,,0.012206648,45650881.2,0.003401733,33946231.84,0.00377899,35557263.1
,,0.012313681,45654610.6,0.003433049,33967157.92,0.003820769,35579086.99
,,0.012420714,45658201.87,0.003463931,33988291.18,0.003862166,35600979.95
,,0.012527749,45661724.08,0.003494381,34009493.5,0.00390318,35623080.09
,,0.012634784,45665246.29,0.003524407,34030833.95,0.003943821,35645249.29
,,0.012741721,45668630.38,0.003554,34052312.52,0.003984079,35667556.62
,,0.012848659,45671876.34,0.00358317,34073860.16,0.004023963,35689933.01
,,0.012955597,45675053.23,0.003611897,34095545.93,0.004063465,35712447.53
,,0.013062436,45678092,0.003640201,34117300.75,0.004102574,35735100.18
,,0.013169275,45681130.77,0.003668053,34139262.77,0.004141302,35757821.89
,,0.013276113,45684031.41,0.003695474,34160879.47,0.004179621,35779852.97
,,0.013382853,45686932.06,0.003722444,34181667.41,0.00421755,35800848.1
,,0.013489591,45689763.64,0.003748991,34201557.54,0.004255106,35820945.42
,,0.01359623,45692457.09,0.003775104,34220757.04,0.004292285,35840628.36
,,0.013702868,45695150.55,0.003800793,34239956.54,0.00432909,35860449.42
,,0.013809408,45697705.88,0.003826059,34259363.23,0.00436552,35880339.55
,,0.013915946,45700192.14,0.003850911,34278769.91,0.004401585,35900367.8
,,0.014022484,45702609.35,0.003875339,34298383.79,0.004437277,35920534.18
,,0.014128924,45704957.49,0.003899343,34318135.79,0.004472585,35940838.68
,,0.014235363,45707236.56,0.003922923,34337956.85,0.004507518,35961350.38
,,0.014341804,45709446.58,0.00394607,34357985.11,0.004542076,35981931.14
,,0.014448145,45711587.53,0.003968794,34378082.42,0.00457626,36002650.02
,,0.014554389,45713590.35,0.003991093,34398317.87,0.004610071,36023507.03
,,0.014660633,45715593.18,0.004012978,34418760.5,0.004643505,36044571.22
,,0.014766877,45717457.88,0.004034448,34439272.19,0.004676564,36065704.48
,,0.014873023,45719322.58,0.004055503,34459922.01,0.004709248,36087044.93
,,0.01497917,45721049.15,0.004076153,34480709.96,0.00474156,36108316.32
,,0.015085218,45722706.66,0.004096371,34501497.9,0.004773508,36129104.27
,,0.015191267,45724295.11,0.004116177,34521940.53,0.004805065,36149408.77
,,0.015297216,45725814.5,0.004135542,34541968.79,0.00483627,36169367.96
,,0.015403068,45727333.88,0.004154476,34561720.79,0.004867091,36188981.84
,,0.01550892,45728715.14,0.004172997,34581058.41,0.004897536,36208664.78
,,0.015614772,45730027.33,0.004191093,34600465.1,0.004927615,36228554.9
,,0.015720428,45731201.4,0.004208775,34619940.85,0.00495733,36248583.16
,,0.015826084,45732375.47,0.004226042,34639554.72,0.004986678,36268680.47
,,0.015931642,45733480.48,0.004242895,34659306.72,0.005015661,36288984.98
,,0.016037202,45734447.36,0.004259333,34679196.85,0.005044269,36309427.61
,,0.016142566,45735345.18,0.004275374,34699225.11,0.005072517,36330008.37
,,0.016247931,45736173.94,0.004290991,34719391.48,0.005100399,36350727.25
,,0.016353199,45736933.63,0.004306202,34739626.93,0.005127912,36371515.19
,,0.016458273,45737555.2,0.004320999,34760000.49,0.00515506,36392510.33
,,0.01656335,45738038.64,0.004335392,34780512.19,0.005181842,36413643.59
,,0.016668233,45738453.01,0.00434938,34801162.01,0.005208261,36434845.91
,,0.016772924,45738729.27,0.004362964,34821949.95,0.005234318,36456048.24
,,0.01687752,45738936.45,0.004376135,34842876.03,0.005260004,36477043.37
,,0.016981925,45738936.45,0.004388894,34863802.1,0.005285329,36497831.32
,,0.017085944,45738729.27,0.004401239,34884520.98,0.005310301,36518481.14
,,0.017189774,45738522.08,0.004413171,34905032.67,0.005334895,36538923.77
,,0.017293122,45737900.51,0.004424681,34925406.24,0.005359132,36559297.33
,,0.017396002,45737071.75,0.004435787,34945572.62,0.005383012,36579809.03
,,0.017498271,45735897.68,0.004446488,34965739,0.005406515,36600527.91
,,0.017600247,45734378.3,0.004456775,34986043.51,0.005429672,36621315.86
,,0.017701833,45732237.35,0.004466666,35006417.07,0.005452462,36642241.93
,,0.017803029,45729474.83,0.004476144,35026928.77,0.005474906,36663375.19
,,0.017903932,45726090.75,0.004485226,35047578.59,0.005496984,36684577.51
,,0.018004342,45722085.1,0.004493894,35068366.53,0.005518705,36705917.96
,,0.01810436,45717319.75,0.004502167,35089292.6,0.00554007,36727465.6
,,0.018203982,45711863.78,0.004510044,35110287.74,0.005561076,36749151.36
,,0.018303014,45705648.12,0.004517524,35131490.06,0.005581725,36770906.19
,,0.018401552,45698603.7,0.004524608,35152692.39,0.005602017,36792799.14
,,0.018499598,45690730.52,0.004531298,35174101.9,0.005621947,36814692.1
,,0.018596953,45681959.53,0.004537593,35195649.54,0.005641533,36836446.92
,,0.018693717,45672359.78,0.004543474,35217266.24,0.005660758,36858201.75
,,0.018789693,45661862.21,0.004548963,35238882.94,0.005679629,36879818.45
,,0.018884979,45650466.82,0.00455404,35260430.58,0.005698147,36901435.15
,,0.018979378,45638173.62,0.004558714,35281909.15,0.005716309,36922982.79
,,0.019072891,45624913.54,0.004562984,35303318.66,0.005734123,36944599.49
,,0.019165517,45610755.63,0.004566852,35324728.18,0.005751581,36966354.32
,,0.019257159,45595630.85,0.004570334,35346068.62,0.005768681,36988247.27
,,0.019347814,45579539.18,0.004573412,35367478.14,0.005785434,37010278.35
,,0.019437193,45561928.13,0.004576104,35388956.71,0.005801839,37032447.55
,,0.019525488,45544662.4,0.004578391,35410642.48,0.005817888,37054685.82
,,0.019612502,45525946.34,0.004580282,35432397.3,0.005833599,37077131.28
,,0.019698138,45506332.46,0.004581788,35454221.19,0.005848953,37099714.86
,,0.019782397,45485820.77,0.004582908,35476252.27,0.005863959,37122367.5
,,0.019865178,45464549.38,0.004583633,35498352.41,0.005878606,37145158.27
,,0.019946484,45442449.24,0.004583972,35520590.68,0.005892907,37168087.17
,,0.020026116,45419658.47,0.004583916,35542967.07,0.005906866,37191016.07
,,0.020104075,45396108.01,0.004583485,35565412.53,0.005920471,37213944.97
,,0.02018036,45372005.04,0.004582649,35587996.11,0.005933733,37236873.86
,,0.020254776,45347211.44,0.004581429,35610648.76,0.005946651,37259802.76
,,0.020327321,45322003.47,0.004579816,35633370.47,0.005959215,37282731.66
,,0.020397996,45296242.99,0.004577809,35656092.17,0.005971444,37305660.55
,,0.020466605,45270137.2,0.00457541,35678744.82,0.005983327,37328589.45
,,0.020533146,45243478.91,0.004572616,35701466.53,0.005994863,37351656.47
,,0.020597621,45216751.55,0.004569439,35724188.23,0.006006061,37374792.56
,,0.02065993,45189886.06,0.004565868,35746909.94,0.006016911,37398135.83
,,0.020719976,45162951.51,0.004561921,35769631.65,0.006027413,37421548.17
,,0.020777758,45136086.03,0.004557579,35792422.42,0.006037578,37445029.57
,,0.020833276,45109358.67,0.004552861,35815282.26,0.006047396,37468718.16
,,0.02088653,45082907.56,0.004547748,35838349.28,0.006056877,37492475.81
,,0.020937422,45056732.71,0.00454226,35861485.36,0.00606602,37516371.59
,,0.02098605,45031041.29,0.004536396,35884690.51,0.006074814,37540405.49
,,0.021032414,45006040.51,0.004530147,35908102.85,0.006083262,37564508.46
,,0.021076613,44981523.16,0.004523511,35931515.19,0.006091365,37588749.55
,,0.021087149,44958041.76,0.004516501,35955134.71,0.006099135,37612921.58
,,0.021097878,44952309.54,0.004509106,35978823.3,0.006106572,37637231.74
,,0.021113923,44946577.32,0.004501326,36002650.02,0.006113664,37661472.83
,,0.021137253,44938151.64,0.004493161,36026545.8,0.006120421,37685782.99
,,0.021171016,44925789.37,0.004484623,36050510.64,0.006126834,37710162.21
,,0.021209505,44908040.19,0.0044757,36074475.48,0.006132909,37734541.43
,,0.021246321,44888288.19,0.004466384,36098440.32,0.00613866,37758989.71
,,0.021281759,44869295.88,0.004456703,36122543.29,0.006144064,37783507.05
,,0.021316015,44851201.39,0.004446639,36146577.19,0.006149139,37808162.52
,,0.021348992,44834142.85,0.004436199,36170680.16,0.006153876,37832887.06
,,0.021380984,44817913.05,0.004425385,36194783.12,0.006158286,37857749.72
,,0.021411992,44802512.02,0.004414197,36218955.15,0.006162358,37882750.5
,,0.021442114,44787939.74,0.004402632,36243196.25,0.006166084,37907820.35
,,0.021471448,44773989.02,0.004390693,36267575.47,0.006169491,37933028.32
,,0.021500093,44760659.87,0.004378369,36292023.75,0.006172551,37958374.42
,,0.02152795,44747952.29,0.004365688,36316610.15,0.006175285,37983789.58
,,0.021555316,44735728.15,0.004352622,36341265.62,0.006177672,38009273.81
,,0.021581992,44723987.45,0.004339181,36366059.22,0.006179736,38034896.16
,,0.021608176,44712592.07,0.004325373,36390990.94,0.006181466,38060518.51
,,0.021633867,44701611.06,0.004311201,36415922.67,0.006182869,38086209.93
,,0.021659165,44690837.24,0.004296643,36441061.58,0.006183937,38111901.34
,,0.021684069,44680408.74,0.004281721,36466200.49,0.006184669,38137661.82
,,0.021708481,44670187.42,0.004266414,36491477.52,0.006185076,38163491.36
,,0.021732598,44660173.29,0.004250743,36516754.56,0.006185158,38189320.9
,,0.021756321,44650297.29,0.004234697,36542100.66,0.006184913,38215288.57
,,0.021779748,44640559.42,0.004218278,36567515.82,0.006184331,38241325.3
,,0.021802782,44631028.73,0.004201493,36593000.05,0.006183431,38267431.09
,,0.021825521,44621498.05,0.004184344,36618484.28,0.006182196,38293675.01
,,0.021847964,44612105.49,0.004166821,36643968.5,0.006180642,38320057.05
,,0.02187021,44602781.99,0.004148933,36669590.85,0.006178751,38346508.16
,,0.021892063,44593527.55,0.00413069,36695213.2,0.006176542,38373028.33
,,0.02191362,44584342.18,0.004112073,36720973.68,0.006174007,38399755.69
,,0.02193498,44575156.81,0.004093089,36746803.22,0.006171134,38426483.05
,,0.021956045,44566040.5,0.00407374,36772701.83,0.006167935,38453348.53
,,0.021976914,44556993.26,0.004054034,36798669.49,0.006164411,38480283.08
,,0.021997487,44547946.01,0.004033963,36824775.28,0.006160571,38507286.69
,,0.022017863,44538898.77,0.004013526,36851019.2,0.006156405,38534359.36
,,0.022037943,44529920.58,0.003992725,36877263.12,0.006151912,38561432.04
,,0.022057827,44520735.21,0.003971566,36903714.23,0.006147094,38588573.77
,,0.022077514,44511826.09,0.003950033,36930165.34,0.006141962,38615784.57
,,0.022097004,44502847.91,0.003928136,36956754.57,0.006136502,38643064.43
,,0.022116298,44493800.66,0.003905874,36983343.8,0.006130717,38670413.36
,,0.022135394,44484822.48,0.003883258,37010071.16,0.006124616,38697831.35
,,0.022154392,44475913.36,0.003860277,37036798.52,0.0061182,38725318.4
,,0.022173095,44466866.12,0.003836941,37063594.94,0.006111456,38752943.57
,,0.022191798,44457818.87,0.00381324,37090391.36,0.006104394,38780637.81
,,0.022210303,44448771.63,0.003789176,37117325.91,0.006097016,38808470.18
,,0.022228711,44439655.32,0.003764766,37144329.52,0.006089319,38836371.61
,,0.02224702,44430469.95,0.003739993,37171333.13,0.006081295,38864342.1
,,0.02226523,44421353.64,0.003714854,37198405.8,0.006072965,38892450.72
,,0.022283342,44412030.14,0.003689369,37225547.54,0.006064299,38920628.4
,,0.022301356,44402706.64,0.003663519,37252827.4,0.006055316,38948875.14
,,0.022319271,44393314.08,0.003637322,37280107.26,0.006046025,38977190.95
,,0.022337088,44383852.46,0.003610779,37307525.25,0.006036409,39005575.82
,,0.022354806,44374321.77,0.003583871,37335012.3,0.006026477,39034029.75
,,0.022372524,44364652.96,0.003556617,37362568.42,0.006016239,39062552.75
,,0.022390144,44354984.15,0.003528997,37390262.66,0.006005676,39091144.8
,,0.022407764,44345108.15,0.003501032,37418025.96,0.005994806,39119805.93
,,0.022425285,44335232.15,0.003472703,37445858.33,0.005983621,39148467.05
,,0.022442807,44325287.09,0.003444018,37473828.82,0.005972119,39177266.29
,,0.02246023,44315203.9,0.003414989,37501799.31,0.005960312,39206134.6
,,0.022477555,44305051.64,0.003385605,37529838.86,0.005948189,39235071.98
,,0.022494879,44294830.33,0.003355875,37557947.48,0.005935757,39264078.41
,,0.022512204,44284539.95,0.003325791,37586056.1,0.005923008,39293153.91
,,0.02252943,44274111.45,0.003295353,37614302.84,0.005909952,39322367.54
,,0.022546558,44263613.88,0.003264579,37642618.65,0.005896578,39351650.22
,,0.022563686,44253047.25,0.003233441,37670934.46,0.005882898,39381071.04
,,0.022580813,44242342.49,0.003201958,37699319.33,0.0058689,39410491.85
,,0.022597843,44231637.74,0.003170138,37727773.26,0.005854594,39440050.79
,,0.022614872,44220794.85,0.003137964,37756296.25,0.005839974,39469678.79
,,0.022631902,44209882.91,0.003105444,37784888.31,0.005825048,39499375.86
,,0.022648833,44198901.9,0.003072578,37813549.43,0.005809807,39529072.92
,,0.022665764,44187782.77,0.003039366,37842348.68,0.00579427,39558908.11
,,0.022682596,44176663.63,0.003005809,37871147.93,0.005778425,39588812.37
,,0.022699429,44165406.37,0.002971906,37900085.3,0.005762265,39618785.68
,,0.022716262,44154080.05,0.002937658,37929091.73,0.00574581,39648828.06
,,0.022732996,44142684.67,0.002903074,37958236.3,0.005729037,39678939.51
,,0.022749828,44131220.22,0.002868135,37987380.86,0.005711977,39709050.95
,,0.022766464,44119686.71,0.00283285,38016594.48,0.005694593,39739300.52
,,0.022783198,44108015.07,0.002797231,38045877.17,0.005676919,39769550.09
,,0.022799834,44096343.43,0.002761276,38075228.92,0.005658939,39799937.78
,,0.02281647,44084602.73,0.002724976,38104649.73,0.005640651,39830325.48
,,0.022833106,44072723.9,0.002688341,38134070.55,0.005622054,39860851.3
,,0.022849643,44060845.08,0.002651361,38163629.49,0.005603161,39891446.18
,,0.022866181,44048828.13,0.002614036,38193188.43,0.005583963,39922110.13
,,0.022882718,44036811.17,0.002576376,38222816.43,0.005564467,39952912.2
,,0.022899157,44024725.16,0.00253838,38252582.56,0.005544664,39983714.27
,,0.022915596,44012501.02,0.00250004,38282348.69,0.005524559,40014723.53
,,0.022932035,44000276.88,0.002461364,38312183.88,0.005504156,40045732.79
,,0.022948474,43987983.67,0.002422363,38342088.13,0.005483447,40076811.12
,,0.022964815,43975552.34,0.002383015,38372061.45,0.00546245,40107889.44
,,0.022981156,43963190.08,0.002343332,38402103.83,0.005441156,40139105.89
,,0.022997496,43950620.62,0.002303323,38432215.27,0.005419558,40170391.41
,,0.023013837,43938051.17,0.002262968,38462395.78,0.005397662,40201676.92
,,0.023030177,43925550.77,0.002222287,38492645.34,0.005375479,40233031.49
,,0.02304642,43912912.26,0.002181261,38523033.04,0.005352979,40264455.13
,,0.023062662,43900135.61,0.002139909,38553420.73,0.005330193,40295947.83
,,0.023078904,43887428.03,0.002098232,38583877.49,0.005307108,40327509.6
,,0.023095048,43874582.32,0.002056219,38614403.31,0.005283737,40359140.43
,,0.02311129,43861736.62,0.002013871,38644929.13,0.005260071,40390840.32
,,0.023127434,43848752.78,0.001971188,38675593.08,0.005236106,40422609.27
,,0.023143578,43835768.95,0.001928181,38706326.09,0.005211846,40454447.29
,,0.023159721,43822785.12,0.001884838,38737059.1,0.00518729,40486423.43
,,0.023175767,43809732.22,0.00184118,38767930.23,0.005162448,40518468.64
,,0.023191911,43796610.26,0.001797176,38798801.37,0.005137308,40550582.9
,,0.023207956,43783419.24,0.001752848,38829741.57,0.005111882,40582766.23
,,0.023224001,43770297.28,0.001708212,38860750.83,0.005086167,40615018.63
,,0.023240047,43756968.13,0.001663242,38891829.15,0.005060156,40647271.02
,,0.023256092,43743638.98,0.001617945,38922907.48,0.005033859,40679592.48
,,0.023272138,43730378.9,0.001572323,38954123.93,0.005007273,40711983
,,0.023288085,43716911.63,0.001526375,38985340.38,0.0049804,40744442.58
,,0.023304032,43703513.41,0.00148012,39016625.89,0.00495324,40776971.23
,,0.023320077,43690184.27,0.001433529,39048049.53,0.004925785,40809499.87
,,0.023336024,43676647.93,0.001386603,39079473.17,0.004898053,40842166.65
,,0.023351971,43663111.59,0.001339351,39110965.87,0.004870027,40874833.42
,,0.02336782,43649506.19,0.001291794,39142527.63,0.004841713,40907569.25
,,0.023383767,43635900.79,0.001243901,39174158.46,0.004813113,40940443.21
,,0.023399714,43622364.46,0.001195694,39205858.35,0.004784236,40973317.17
,,0.023415563,43608620.93,0.001147161,39237558.24,0.004755064,41006329.26
,,0.02343151,43594946.47,0.001098313,39269396.26,0.004725605,41039410.41
,,0.023447358,43581272.01,0.001049143,39301303.34,0.004695879,41072560.62
,,0.023463207,43567390.36,0.000999654,39333210.42,0.004665864,41105710.83
,,0.023479056,43553646.83,0.000949841,39365255.62,0.004635562,41138999.17
,,0.023494904,43539903.3,0.000899718,39397300.83,0.004604982,41172287.51
,,0.023510753,43526021.65,0.000849289,39429346.03,0.004574124,41205644.91
,,0.023526602,43512070.94,0.00079854,39461529.36,0.004542988,41239002.31
,,0.02354245,43498258.35,0.000747482,39493712.7,0.004511576,41272428.78
,,0.023558299,43484307.64,0.000696114,39525896.03,0.004479877,41305993.37
,,0.023574147,43470218.8,0.000644427,39558148.42,0.004447902,41339488.9
,,0.023590095,43456268.08,0.000592431,39590538.94,0.00441565,41373122.55
,,0.023605943,43442110.18,0.000540121,39622929.46,0.004383131,41406825.26
,,0.023621792,43428021.34,0.000487499,39655319.98,0.004350327,41440597.04
,,0.023637739,43413863.43,0.000434566,39687848.63,0.004317247,41474368.82
,,0.023653686,43399705.53,0.000381314,39720446.34,0.004283892,41508278.73
,,0.023669535,43385409.5,0.00032775,39753113.11,0.004250259,41542257.69
,,0.023685482,43371182.54,0.000273872,39785848.94,0.00421635,41576305.72
,,0.023701429,43356886.51,0.00021969,39818653.84,0.004182174,41610353.76
,,0.023717278,43342521.41,0.000165192,39851527.8,0.00414772,41644539.91
,,0.023733225,43328225.39,0.000110388,39884470.82,0.004112999,41678726.07
,,0.023749173,43313791.23,5.53E-05,39917413.85,0.004077989,41712981.29
,,0.02376512,43299357.08,1.35E-07,39950425.93,0.004042713,41747236.51
,,0.023781067,43284922.92,5.58E-05,39983438.02,0.004007177,41781629.85
,,0.023797014,43270488.77,0.00011186,40016519.17,0.003971374,41816023.2
,,0.02381306,43255916.48,0.000168179,40049669.38,0.003935302,41850416.54
,,0.023829007,43241413.27,0.0002248,40082819.59,0.003898966,41884878.95
,,0.023844954,43226840.99,0.000281719,40116038.87,0.003862361,41919479.49
,,0.023861,43212199.64,0.00033894,40149258.15,0.003825491,41954080.02
,,0.023877045,43197627.36,0.000396467,40182546.48,0.003788345,41988749.62
,,0.023892993,43182916.95,0.000454285,40215903.88,0.003750943,42023488.28
,,0.023909038,43168206.55,0.000512409,40249330.35,0.003713274,42058296
,,0.023925084,43153496.14,0.000570837,40282825.88,0.003675347,42093103.72
,,0.023941228,43138785.73,0.000629571,40316390.47,0.003637156,42128049.57
,,0.023957274,43123937.2,0.000688594,40350024.12,0.003598686,42162995.42
,,0.023973319,43109157.73,0.000747907,40383726.83,0.003559959,42198010.33
,,0.023989463,43094309.2,0.000807526,40417429.55,0.003520973,42233094.31
,,0.024005509,43079460.67,0.000867445,40451201.33,0.003481729,42268178.28
,,0.024021653,43064543.07,0.000927659,40485042.17,0.003442219,42303331.32
,,0.024037797,43049625.48,0.000988179,40518952.08,0.003402453,42338553.42
,,0.024053942,43034638.82,0.001048975,40552861.98,0.003362418,42373844.58
,,0.024070184,43019652.16,0.001110069,40586840.95,0.003322137,42409135.75
,,0.024086328,43004665.5,0.001171448,40620819.92,0.003281598,42444565.04
,,0.024102571,42989540.72,0.001233124,40654798.88,0.003240803,42479994.33
,,0.024118715,42974484.99,0.001295086,40688915.98,0.003199759,42515423.62
,,0.024134958,42959429.27,0.001357334,40723033.07,0.00315846,42550991.03
,,0.0241512,42944235.43,0.001419858,40757150.16,0.003116902,42586558.45
,,0.024167541,42929041.58,0.001482687,40791405.38,0.003075107,42622194.92
,,0.024183784,42913916.79,0.001545793,40825660.6,0.003033054,42657831.4
,,0.024200125,42898584.82,0.001609185,40859984.89,0.002990744,42693536.94
,,0.024216466,42883321.91,0.001672873,40894309.17,0.002948187,42729311.55
,,0.024232807,42867989.94,0.001736846,40928771.58,0.002905373,42765086.15
,,0.024249148,42852588.9,0.001801105,40963233.98,0.002862302,42800929.82
,,0.024265587,42837118.8,0.001865642,40997765.46,0.002819002,42836842.55
,,0.024282027,42821648.7,0.001930464,41032365.99,0.002775437,42872755.28
,,0.024298467,42806178.6,0.001995582,41066966.52,0.002731624,42908806.14
,,0.024314906,42790639.44,0.002060975,41101636.12,0.002687565,42944856.99
,,0.024331445,42775031.22,0.002126647,41136374.78,0.00264325,42980976.91
,,0.024347886,42759422.99,0.002192594,41171113.44,0.002598706,43017165.89
,,0.024364523,42743745.7,0.002258816,41205852.1,0.002553923,43053354.87
,,0.024381062,42728068.42,0.002325335,41240728.89,0.002508888,43089612.92
,,0.0243976,42712322.06,0.002392121,41275605.67,0.002463612,43125940.03
,,0.024414237,42696575.71,0.002459183,41310482.46,0.0024181,43162267.13
,,0.024430875,42680760.3,0.002526522,41345428.31,0.00237234,43198663.31
,,0.024447512,42664944.89,0.002594117,41380443.22,0.002326351,43235128.54
,,0.024464148,42649129.47,0.002661998,41415458.13,0.002280114,43271593.77
,,0.024480785,42633245,0.002730156,41450542.11,0.002233657,43308059.01
,,0.02449752,42617360.52,0.00279858,41485695.14,0.002186954,43344593.3
,,0.024514157,42601476.04,0.002867281,41520848.18,0.002140002,43381127.6
,,0.024530891,42585522.5,0.002936237,41556070.28,0.002092825,43417730.96
,,0.024547626,42569568.96,0.003005463,41591292.38,0.002045417,43454403.38
,,0.024564459,42553615.42,0.003074963,41626583.55,0.001997775,43491075.8
,,0.024581194,42537592.82,0.003144739,41661874.71,0.001949894,43527817.29
,,0.024597928,42521570.22,0.003214791,41697234.94,0.001901778,43564627.84
,,0.024614761,42505547.62,0.00328511,41732664.23,0.001853433,43601438.39
,,0.024631496,42489525.01,0.003355685,41768093.52,0.001804853,43638387.06
,,0.024648329,42473502.41,0.003426537,41803591.87,0.001756046,43675335.73
,,0.024665064,42457410.74,0.003497646,41839159.28,0.001707011,43712353.47
,,0.024681897,42441388.14,0.00356902,41874726.7,0.001657748,43749371.21
,,0.02469873,42425296.48,0.003640668,41910363.18,0.001608249,43786458.01
,,0.024715564,42409273.87,0.003712566,41945999.66,0.00155854,43823544.81
,,0.024732397,42393182.21,0.003784729,41981705.2,0.001508584,43860700.67
,,0.02474923,42377090.54,0.003857149,42017479.8,0.001458418,43897856.53
,,0.024766063,42361067.94,0.003929826,42053254.41,0.001408016,43935081.46
,,0.024782897,42344976.27,0.004002759,42089029.01,0.001357414,43972306.39
,,0.02479973,42328953.67,0.00407594,42124872.68,0.001306575,44009600.38
,,0.024816563,42312862.01,0.004149388,42160785.41,0.001255529,44046894.36
,,0.024833396,42296770.34,0.004223083,42196629.07,0.001204254,44084188.35
,,0.02485023,42280747.74,0.004297025,42232541.8,0.001152768,44121620.47
,,0.024867161,42264725.13,0.004371224,42268454.53,0.001101063,44158983.52
,,0.024883995,42248633.47,0.004445689,42304436.33,0.001049139,44196484.7
,,0.024900828,42232610.87,0.004520391,42340487.18,0.000996998,44233985.88
,,0.024917661,42216588.26,0.00459534,42376538.04,0.000944648,44271487.05
,,0.024934593,42200565.66,0.004670553,42412588.89,0.000892083,44309057.29
,,0.024951426,42184543.06,0.004746014,42448777.88,0.000839301,44346696.6
,,0.024968358,42168520.46,0.004821721,42484966.86,0.000786305,44384335.9
,,0.024985191,42152566.92,0.004897685,42521224.9,0.000733094,44422044.27
,,0.025002024,42136544.31,0.004973895,42557482.95,0.000679677,44459752.63
,,0.025018956,42120590.77,0.00505035,42593810.06,0.000626044,44497461
,,0.025035789,42104637.23,0.005127044,42630137.16,0.000572198,44535307.49
,,0.02505272,42088683.69,0.005203994,42666533.33,0.00051814,44573084.92
,,0.025069554,42072730.15,0.0052812,42702998.57,0.00046388,44611000.48
,,0.025086485,42056845.68,0.005358633,42739463.8,0.000409421,44648846.97
,,0.025103319,42040961.2,0.005436304,42775859.97,0.00035476,44686762.53
,,0.02512025,42025007.66,0.005514223,42812325.21,0.000299894,44724747.14
,,0.025137083,42009192.25,0.005592369,42848859.5,0.000244818,44762731.76
,,0.025154015,41993307.77,0.005670762,42885393.8,0.000189541,44800785.44
,,0.025170848,41977492.36,0.005749382,42921928.1,0.000134061,44838839.13
,,0.02518778,41961607.88,0.005828248,42958531.45,7.84E-05,44876892.81
,,0.025204613,41945861.53,0.005907342,42995134.81,2.25E-05,44914946.49
,,0.025221544,41930046.12,0.005986672,43031807.24,3.35E-05,44953069.23
,,0.025238378,41914299.76,0.006066219,43068479.66,8.98E-05,44991261.04
,,0.025255309,41898553.41,0.006146014,43105152.08,0.000146237,45029383.78
,,0.025272142,41882807.06,0.006226034,43141893.57,0.000202888,45067575.59
,,0.025289074,41867060.71,0.006306275,43178635.05,0.000259726,45105767.4
,,0.025305907,41851383.42,0.00638675,43215445.6,0.00031676,45144028.27
,,0.025309846,41835706.14,0.006467443,43252256.15,0.000373982,45182289.14
,,0.025314079,41831838.61,0.006548372,43289135.76,0.000431388,45220619.07
,,0.025320478,41827902.02,0.00662951,43326015.37,0.000488978,45258949
,,0.025330026,41822031.67,0.006710884,43362964.05,0.000546759,45297278.94
,,0.025339574,41813260.68,0.006792485,43399912.72,0.000604733,45335677.93
,,0.025349025,41804420.62,0.006874293,43436861.39,0.000662883,45374076.93
,,0.025358573,41795649.63,0.006956339,43473879.13,0.00072121,45412544.99
,,0.025368023,41786878.64,0.007038592,43510896.87,0.000779718,45451082.11
,,0.025370288,41778107.64,0.007121071,43547914.61,0.000838418,45489550.17
,,0.025372651,41775966.69,0.007203758,43585001.41,0.000897295,45528156.35
,,0.025376194,41773756.68,0.007286653,43622088.21,0.000956352,45566693.48
,,0.025381608,41770441.66,0.007369756,43659244.07,0.00101558,45605299.66
,,0.02538968,41765538.19,0.007453085,43696330.87,0.001074985,45643905.85
,,0.025401788,41758148.45,0.00753664,43733486.73,0.001134568,45682512.03
,,0.025418718,41747029.32,0.007620394,43770711.66,0.001194339,45721118.22
,,0.02543565,41731490.16,0.007704344,43807936.58,0.00125428,45759793.46
,,0.025452483,41715950.99,0.007788523,43845161.51,0.001314378,45798468.71
,,0.025469415,41700480.9,0.007872908,43882455.5,0.001374656,45837213.02
,,0.025486346,41685010.8,0.007957501,43919680.42,0.001435094,45875888.27
,,0.025503179,41669540.7,0.008042311,43957043.48,0.001495708,45914632.58
,,0.025520111,41654070.6,0.008127339,43994337.47,0.00155649,45953376.89
,,0.025536944,41638669.56,0.008212554,44031700.52,0.001617451,45992190.26
,,0.025553875,41623268.53,0.008297968,44069063.57,0.00167857,46031003.64
,,0.025570807,41607867.49,0.008383589,44106426.62,0.001739857,46069886.07
,,0.02558764,41592535.52,0.008469425,44143858.74,0.001801302,46108768.51
,,0.025604571,41577203.54,0.008555459,44181359.91,0.001862906,46147720.01
,,0.025621503,41561871.57,0.008641701,44218792.03,0.00192468,46186602.45
,,0.025638336,41546608.66,0.00872813,44256293.21,0.001986621,46225553.95
,,0.025655267,41531345.75,0.008814756,44293863.45,0.002048721,46264505.45
,,0.025672199,41516082.84,0.008901589,44331433.69,0.002110981,46303456.95
,,0.025689032,41500888.99,0.00898862,44369003.93,0.002173381,46342477.51
,,0.025705964,41485626.08,0.00907584,44406574.17,0.002235939,46381429.01
,,0.025722895,41470432.23,0.009163256,44444144.41,0.002298665,46420449.57
,,0.025739827,41455307.45,0.00925087,44481783.71,0.002361531,46459470.13
,,0.02575666,41440182.67,0.009338672,44519423.02,0.002424553,46498559.76
,,0.025773591,41425057.88,0.009426671,44557062.32,0.002487727,46537580.32
,,0.025790523,41409933.1,0.00951483,44594701.62,0.002551058,46576669.95
,,0.025807454,41394877.37,0.009603177,44632271.86,0.002614529,46615759.57
,,0.025824386,41379821.65,0.009691721,44669911.17,0.002678149,46654849.2
,,0.025841219,41364765.93,0.009780413,44707619.53,0.002741897,46693938.82
,,0.025858151,41349779.27,0.009869333,44745327.9,0.002805795,46733097.51
,,0.025875082,41334792.61,0.00995845,44783036.27,0.002869833,46772256.2
,,0.025892014,41319805.96,0.010047765,44820744.63,0.002934008,46811414.89
,,0.025908945,41304888.36,0.010137179,44858453,0.002998333,46850573.58
,,0.025925877,41289970.77,0.01022679,44896230.43,0.003062797,46889732.26
,,0.025942808,41275053.17,0.0103166,44934007.86,0.003127391,46928890.95
,,0.02595974,41260135.57,0.010406607,44971854.35,0.003192115,46968118.7
,,0.025976671,41245287.04,0.010496713,45009631.78,0.003256976,47007346.45
,,0.025993603,41230438.51,0.010587113,45047478.27,0.003321977,47046574.21
,,0.026010535,41215659.04,0.010677613,45085393.83,0.003387098,47085801.96
,,0.026027466,41200810.51,0.010768212,45123240.32,0.003452347,47125029.71
,,0.026044398,41186031.04,0.010859107,45161155.88,0.003517735,47164326.52
,,0.026061329,41171320.63,0.010950101,45199071.43,0.003583252,47203623.34
,,0.026078261,41156541.16,0.011041294,45236917.93,0.003648898,47242920.15
,,0.026095291,41141830.75,0.011132586,45274833.48,0.003714654,47282147.9
,,0.026112222,41127120.35,0.011224075,45312749.04,0.00378053,47321444.72
,,0.026129154,41112479,0.011315762,45350664.59,0.003846533,47360810.59
,,0.026146085,41097837.66,0.011407548,45388580.15,0.003912656,47400107.41
,,0.026163115,41083196.32,0.011499531,45426495.7,0.003978909,47439473.29
,,0.026180047,41068554.97,0.011591713,45464480.32,0.004045273,47478770.1
,,0.026196978,41053982.69,0.011683992,45502464.94,0.004111745,47518135.98
,,0.02621391,41039410.41,0.011776372,45540449.56,0.004178328,47557432.79
,,0.02623094,41024838.13,0.011868948,45578365.11,0.004245031,47596798.67
,,0.026247871,41010334.91,0.011961722,45616418.79,0.004311843,47636095.48
,,0.026264901,40995831.69,0.012054693,45654403.41,0.004378773,47675461.36
,,0.026281833,40981328.48,0.012147764,45692457.09,0.004445802,47714896.3
,,0.026298863,40966894.32,0.012240935,45730441.71,0.004512942,47754193.11
,,0.026315794,40952391.1,0.012334302,45768495.39,0.0045802,47793628.05
,,0.026332824,40937956.95,0.01242777,45806549.07,0.004647556,47832993.93
,,0.026349756,40923591.86,0.012521433,45844602.76,0.004715003,47872428.87
,,0.026366785,40909157.7,0.012615294,45882656.44,0.00478257,47911863.81
,,0.026383717,40894792.61,0.012709255,45920710.12,0.004850236,47951229.69
,,0.026400747,40880427.52,0.012803314,45958832.86,0.004917993,47990664.63
,,0.026417777,40866131.49,0.012897571,45996886.54,0.004985859,48030030.51
,,0.026434708,40851766.4,0.012991927,46034940.23,0.005053824,48069465.45
,,0.026451738,40837470.37,0.013086481,46073062.97,0.005121889,48108900.39
,,0.026468768,40823243.4,0.013181134,46111116.65,0.005190043,48148335.33
,,0.026485798,40808947.37,0.013275983,46149239.4,0.005258298,48187701.2
,,0.026502729,40794720.41,0.013370835,46187362.14,0.005326634,48227136.14
,,0.026519759,40780493.44,0.013465981,46225484.88,0.005395068,48266571.08
,,0.026536789,40766335.54,0.013561129,46263538.56,0.005463594,48306006.02
,,0.026553819,40752108.57,0.013656473,46301661.31,0.005532198,48345371.9
,,0.026570849,40737950.67,0.013751919,46339784.05,0.005600882,48384806.84
,,0.026587879,40723792.76,0.013847463,46377906.8,0.005669666,48424241.78
,,0.026604909,40709634.86,0.013943203,46416098.6,0.005738529,48463676.72
,,0.026621938,40695546.02,0.014039043,46454221.35,0.005807464,48503042.6
,,0.026638968,40681457.18,0.014134984,46492344.09,0.005876461,48542477.54
,,0.026656097,40667368.34,0.014231121,46530466.84,0.005945547,48581843.42
,,0.026673126,40653348.56,0.014327259,46568520.52,0.006014722,48621209.29
,,0.026690156,40639259.72,0.014423594,46606643.26,0.006083957,48660644.23
,,0.026707186,40625239.94,0.01452003,46644766.01,0.006153262,48700079.17
,,0.026724216,40611220.17,0.014616564,46682888.75,0.006222647,48739445.05
,,0.026741344,40597269.45,0.014713295,46721011.5,0.0062921,48778810.93
,,0.026758374,40583249.68,0.014810028,46759134.24,0.006361625,48818245.87
,,0.026775404,40569298.96,0.014906958,46797256.98,0.00643122,48857611.75
,,0.026792532,40555348.25,0.015003986,46835379.73,0.006500857,48896977.62
,,0.026809562,40541466.6,0.015101115,46873502.47,0.006570575,48936343.5
,,0.02682669,40527584.94,0.015198343,46911625.22,0.006640343,48975640.31
,,0.02684372,40513634.23,0.015295668,46949747.96,0.006710189,49015006.19
,,0.026860849,40499821.64,0.015393094,46987870.71,0.006780078,49054372.07
,,0.026877878,40485939.99,0.01549062,47025993.45,0.006850017,49093668.88
,,0.026895007,40472127.4,0.015588245,47064116.19,0.006920017,49132965.7
,,0.026899044,40458245.75,0.015685969,47102169.87,0.006990067,49172262.51
,,0.026903277,40454861.67,0.015783791,47140292.62,0.007060167,49211559.33
,,0.026909774,40451408.52,0.015881714,47178346.3,0.0071303,49250856.14
,,0.02691942,40446228.8,0.015979638,47216399.98,0.007200494,49290083.89
,,0.026929067,40438493.75,0.016077759,47254453.66,0.007270736,49329311.64
,,0.026938616,40430689.64,0.016175978,47292507.34,0.007341022,49368539.39
,,0.026948263,40422954.59,0.0162742,47330561.03,0.007411358,49407767.15
,,0.02695791,40415219.54,0.01637252,47368545.64,0.007481722,49446994.9
,,0.026967458,40407484.49,0.016471037,47406599.33,0.007552138,49486222.65
,,0.026977105,40399749.44,0.016569555,47444583.94,0.007622585,49525381.34
,,0.026986752,40392014.39,,,0.007693084,49564540.02
,,0.026996399,40384279.34,,,0.007763603,49603698.71
,,0.027005947,40376613.35,,,0.007834161,49642857.4
,,0.027015594,40368878.3,,,,
,,0.027025241,40361143.25,,,,
,,0.027034888,40353477.27,,,,
,,0.027044437,40345742.22,,,,
,,0.027054084,40338076.23,,,,
,,0.027063731,40330410.24,,,,
,,0.027073377,40322675.19,,,,
,,0.027083024,40315009.21,,,,
,,0.027092671,40307343.22,,,,
,,0.02710222,40299677.23,,,,
,,0.027111867,40292011.25,,,,
,,0.027121514,40284345.26,,,,
,,0.027123779,40276748.34,,,,
,,0.027127421,40274814.57,,,,
,,0.027132933,40271913.93,,,,
,,0.027141103,40267632.03,,,,
,,0.027153309,40261140.11,,,,
,,0.027165515,40251471.3,,,,
,,0.027177721,40241802.49,,,,
,,0.027189928,40232202.74,,,,
,,0.027202134,40222533.93,,,,
,,0.02721434,40212865.12,,,,
,,0.027226645,40203265.37,,,,
,,0.027238851,40193596.55,,,,
,,0.027251058,40183996.81,,,,
,,0.027263264,40174397.06,,,,
,,0.02727547,40164797.31,,,,
,,0.027287677,40155197.56,,,,
,,0.027299883,40145597.81,,,,
,,0.027312089,40135998.06,,,,
,,0.027324295,40126467.37,,,,
,,0.0273366,40116867.63,,,,
,,0.027348806,40107336.94,,,,
,,0.027361013,40097737.19,,,,
,,0.027373219,40088206.5,,,,
,,0.027385524,40078675.82,,,,
,,0.02739773,40069145.13,,,,
,,0.027409936,40059614.45,,,,
,,0.027422241,40050083.76,,,,
,,0.027434447,40040553.07,,,,
,,0.027446654,40031022.39,,,,
,,0.027458958,40021560.76,,,,
,,0.027471165,40012030.08,,,,
,,0.027483371,40002568.46,,,,
,,0.027495675,39993106.83,,,,
,,0.027507882,39983576.15,,,,
,,0.027520187,39974114.52,,,,
,,0.027532393,39964652.9,,,,
,,0.027544697,39955191.28,,,,
,,0.027556904,39945798.72,,,,
,,0.027569208,39936337.09,,,,
,,0.027581415,39926875.47,,,,
,,0.027593719,39917482.91,,,,
,,0.027606024,39908021.29,,,,
,,0.02761823,39898628.73,,,,
,,0.027630535,39889236.17,,,,
,,0.027642741,39879774.54,,,,
,,0.027655046,39870381.98,,,,
,,0.027667351,39860989.42,,,,
,,0.027679655,39851596.86,,,,
,,0.027691862,39842273.37,,,,
,,0.027704166,39832880.81,,,,
,,0.027716471,39823488.25,,,,
,,0.027728776,39814164.75,,,,
,,0.027740982,39804772.19,,,,
,,0.027753287,39795448.69,,,,
,,0.027765591,39786056.13,,,,
,,0.027777896,39776732.63,,,,
,,0.027790201,39767409.14,,,,
,,0.027802505,39758085.64,,,,
,,0.027814712,39748762.14,,,,
,,0.027827016,39739438.64,,,,
,,0.027839321,39730115.15,,,,
,,0.027851626,39720860.71,,,,
,,0.02786393,39711537.22,,,,
,,0.027876235,39702213.72,,,,
,,0.02788854,39692959.28,,,,
,,0.027900844,39683635.79,,,,
,,0.027913149,39674381.35,,,,
,,0.027925552,39665126.92,,,,
,,0.027937857,39655872.48,,,,
,,0.027950161,39646618.05,,,,
,,0.027962466,39637363.62,,,,
,,0.027974771,39628109.18,,,,
,,0.027987075,39618854.75,,,,
,,0.02799938,39609600.31,,,,
,,0.028011783,39600345.88,,,,
,,0.028024088,39591160.51,,,,
,,0.028036392,39581906.07,,,,
,,0.028048697,39572720.7,,,,
,,0.0280611,39563466.27,,,,
,,0.028073405,39554280.9,,,,
,,0.028085808,39545095.52,,,,
,,0.028098113,39535841.09,,,,
,,0.028110417,39526655.72,,,,
,,0.02812282,39517470.35,,,,
,,0.028135125,39508284.98,,,,
,,0.028147528,39499099.6,,,,
,,0.028159833,39489983.3,,,,
,,0.028172236,39480797.93,,,,
,,0.028184541,39471612.55,,,,
,,0.028196944,39462427.18,,,,
,,0.028209347,39453310.87,,,,
,,0.028221651,39444125.5,,,,
,,0.028234054,39435009.19,,,,
,,0.028246359,39425892.89,,,,
,,0.028258762,39416707.51,,,,
,,0.028271165,39407591.21,,,,
,,0.02828347,39398474.9,,,,
,,0.028295873,39389358.59,,,,
,,0.028308276,39380242.28,,,,
,,0.028320679,39371125.97,,,,
,,0.028332984,39362009.66,,,,
,,0.028345387,39352962.42,,,,
,,0.02835779,39343846.11,,,,
,,0.028370193,39334729.8,,,,
,,0.028382596,39325682.56,,,,
,,0.028394999,39316566.25,,,,
,,0.028407402,39307519,,,,
,,0.028419805,39298402.69,,,,
,,0.028432208,39289355.45,,,,
,,0.028444611,39280239.14,,,,
,,0.028457014,39271191.89,,,,
,,0.028469417,39262144.65,,,,
,,0.028481919,39253097.4,,,,
,,0.028494322,39244050.16,,,,
,,0.028506725,39235002.91,,,,
,,0.028519128,39225955.67,,,,
,,0.028531531,39216908.42,,,,
,,0.028544033,39207861.18,,,,
,,0.028556436,39198882.99,,,,
,,0.028568839,39189835.75,,,,
,,0.028581242,39180788.5,,,,
,,0.028593743,39171810.32,,,,
,,0.028606146,39162763.08,,,,
,,0.028618549,39153784.89,,,,
,,0.028631051,39144806.71,,,,
,,0.028643454,39135759.46,,,,
,,0.028655857,39126781.28,,,,
,,0.028668358,39117803.1,,,,
,,0.028680761,39108824.92,,,,
,,0.028693263,39099846.73,,,,
,,0.028705666,39090868.55,,,,
,,0.028718069,39081890.37,,,,
,,0.02873057,39072912.19,,,,
,,0.028742973,39064003.07,,,,
,,0.028755475,39055024.89,,,,
,,0.028767878,39046046.7,,,,
,,0.028780379,39037137.58,,,,
,,0.028792782,39028159.4,,,,
,,0.028805284,39019250.28,,,,
,,0.028817785,39010341.16,,,,
,,0.028830188,39001362.98,,,,
,,0.02884269,38992453.86,,,,
,,0.028855191,38983544.74,,,,
,,0.028867594,38974566.56,,,,
,,0.028880096,38965726.5,,,,
,,0.028892499,38956817.38,,,,
,,0.028905,38947908.26,,,,
,,0.028917502,38938999.14,,,,
,,0.028930003,38930090.02,,,,
,,0.028942406,38921180.9,,,,
,,0.028954908,38912340.85,,,,
,,0.028967409,38903431.73,,,,
,,0.028979911,38894522.61,,,,
,,0.028992412,38885682.55,,,,
,,0.029004815,38876773.43,,,,
,,0.029017316,38867933.37,,,,
,,0.029029818,38859093.32,,,,
,,0.029042319,38850184.2,,,,
,,0.029054821,38841344.14,,,,
,,0.029067322,38832504.08,,,,
,,0.029079824,38823664.03,,,,
,,0.029092325,38814823.97,,,,
,,0.029104728,38805983.91,,,,
,,0.02911723,38797143.86,,,,
,,0.029129731,38788303.8,,,,
,,0.029142232,38779463.74,,,,
,,0.029154734,38770692.75,,,,
,,0.029167235,38761852.69,,,,
,,0.029179737,38753012.64,,,,
,,0.029192337,38744241.64,,,,
,,0.029204838,38735401.59,,,,
,,0.029217339,38726630.59,,,,
,,0.029229841,38717859.6,,,,
,,0.029242342,38709019.54,,,,
,,0.029254844,38700248.55,,,,
,,0.029267345,38691477.56,,,,
,,0.029279847,38682706.56,,,,
,,0.029292446,38673935.57,,,,
,,0.029304948,38665164.58,,,,
,,0.029317449,38656393.58,,,,
,,0.029329951,38647622.59,,,,
,,0.029342452,38638851.59,,,,
,,0.029355052,38630080.6,,,,
,,0.029367553,38621309.61,,,,
,,0.029380055,38612607.68,,,,
,,0.029392655,38603836.68,,,,
,,0.029405156,38595065.69,,,,
,,0.029417657,38586363.76,,,,
,,0.029430257,38577592.76,,,,
,,0.029442759,38568890.83,,,,
,,0.02945526,38560188.9,,,,
,,0.02946786,38551417.91,,,,
,,0.029480361,38542715.98,,,,
,,0.029492961,38534014.05,,,,
,,0.029505463,38525312.12,,,,
,,0.029517964,38516610.19,,,,
,,0.029530564,38507908.26,,,,
,,0.029543065,38499206.32,,,,
,,0.029555665,38490504.39,,,,
,,0.029568166,38481802.46,,,,
,,0.029580766,38473100.53,,,,
,,0.029593366,38464398.6,,,,
,,0.029605868,38455765.73,,,,
,,0.029618467,38447063.8,,,,
,,0.029630969,38438361.87,,,,
,,0.029643569,38429729,,,,
,,0.029656169,38421027.07,,,,
,,0.02966867,38412394.21,,,,
,,0.02968127,38403761.34,,,,
,,0.02969387,38395059.41,,,,
,,0.029706469,38386426.54,,,,
,,0.029718971,38377793.67,,,,
,,0.029731571,38369160.8,,,,
,,0.029744171,38360527.94,,,,
,,0.02975677,38351895.07,,,,
,,0.02976937,38343262.2,,,,
,,0.02978197,38334629.33,,,,
,,0.02979457,38325996.46,,,,
,,0.02980717,38317363.6,,,,
,,0.02981977,38308730.73,,,,
,,0.02983237,38300097.86,,,,
,,0.029844969,38291464.99,,,,
,,0.029857569,38282901.19,,,,
,,0.029870169,38274268.32,,,,
,,0.029882868,38265704.52,,,,
,,0.029895467,38257071.65,,,,
,,0.029908067,38248507.84,,,,
,,0.029920667,38239874.98,,,,
,,0.029933267,38231311.17,,,,
,,0.029945965,38222747.37,,,,
,,0.029958565,38214183.56,,,,
,,0.029971165,38205550.69,,,,
,,0.029983863,38196986.89,,,,
,,0.029996463,38188423.08,,,,
,,0.030009063,38179859.28,,,,
,,0.030021761,38171295.47,,,,
,,0.030034361,38162731.67,,,,
,,0.030047059,38154167.86,,,,
,,0.030059659,38145604.06,,,,
,,0.030072259,38137109.32,,,,
,,0.030084957,38128545.51,,,,
,,0.030097656,38119981.71,,,,
,,0.030110256,38111417.9,,,,
,,0.030122954,38102923.16,,,,
,,0.030135554,38094359.36,,,,
,,0.030148252,38085864.61,,,,
,,0.030160852,38077300.81,,,,
,,0.030170302,38068806.07,,,,
,,0.03017985,38062383.21,,,,
,,0.0301893,38056029.42,,,,
,,0.030198848,38049675.63,,,,
,,0.030208397,38043252.78,,,,
,,0.030217847,38036898.99,,,,
,,0.030227395,38030476.13,,,,
,,0.030236845,38024122.34,,,,
,,0.030246393,38017768.55,,,,
,,0.030255843,38011345.7,,,,
,,0.030265391,38004991.91,,,,
,,0.03027494,37998638.12,,,,
,,0.030284389,37992284.33,,,,
,,0.030293938,37985861.47,,,,
,,0.030303486,37979507.68,,,,
,,0.030312936,37973153.89,,,,
,,0.030322484,37966800.1,,,,
,,0.030332033,37960446.31,,,,
,,0.030341482,37954092.52,,,,
,,0.030351031,37947738.73,,,,
,,0.030360579,37941384.94,,,,
,,0.030370127,37935031.15,,,,
,,0.030379577,37928677.36,,,,
,,0.030389125,37922323.57,,,,
,,0.030398674,37915969.78,,,,
,,0.030408222,37909615.98,,,,
,,0.03041777,37903262.19,,,,
,,0.030427319,37896977.47,,,,
,,0.030436769,37890623.68,,,,
,,0.030446317,37884269.88,,,,
,,0.030455865,37877916.09,,,,
,,0.030465413,37871631.37,,,,
,,0.030474962,37865277.58,,,,
,,0.03048451,37858923.79,,,,
,,0.030494058,37852639.06,,,,
,,0.030503607,37846285.27,,,,
,,0.030513155,37839931.48,,,,
,,0.030522703,37833646.75,,,,
,,0.030532251,37827292.96,,,,
,,0.0305418,37821008.23,,,,
,,0.030551348,37814654.44,,,,
,,0.030560896,37808369.71,,,,
,,0.030570445,37802015.92,,,,
,,0.030579993,37795731.19,,,,
,,0.030589541,37789446.46,,,,
,,0.030599089,37783092.67,,,,
,,0.030608638,37776807.95,,,,
,,0.030618186,37770523.22,,,,
,,0.030627734,37764169.43,,,,
,,0.030637283,37757884.7,,,,
,,0.030646831,37751599.97,,,,
,,0.03065638,37745315.24,,,,
,,0.030665928,37739030.52,,,,
,,0.030675477,37732745.79,,,,
,,0.030685025,37726461.06,,,,
,,0.030694574,37720176.33,,,,
,,0.030704122,37713891.61,,,,
,,0.030713671,37707606.88,,,,
,,0.030723219,37701322.15,,,,
,,0.030732669,37695037.42,,,,
,,0.030742217,37688821.76,,,,
,,0.030751765,37682537.03,,,,
,,0.030761215,37676321.37,,,,
,,0.030770763,37670036.64,,,,
,,0.030780213,37663820.97,,,,
,,0.030789761,37657536.24,,,,
,,0.030799211,37651320.58,,,,
,,0.030808759,37645104.92,,,,
,,0.030818209,37638889.25,,,,
,,0.030827757,37632673.59,,,,
,,0.030837207,37626457.92,,,,
,,0.030846756,37620242.26,,,,
,,0.030856206,37614026.59,,,,
,,0.030865656,37607810.93,,,,
,,0.030875204,37601595.26,,,,
,,0.030884654,37595448.66,,,,
,,0.030894104,37589232.99,,,,
,,0.030903652,37583086.39,,,,
,,0.030913102,37576870.73,,,,
,,0.030922552,37570724.13,,,,
,,0.030932002,37564577.52,,,,
,,0.030941551,37558430.92,,,,
,,0.030951001,37552215.26,,,,
,,0.030960451,37546068.66,,,,
,,0.030969901,37539922.05,,,,
,,0.03097935,37533844.51,,,,
,,0.0309888,37527697.91,,,,
,,0.03099825,37521551.31,,,,
,,0.0310077,37515404.71,,,,
,,0.03101715,37509327.17,,,,
,,0.0310266,37503180.57,,,,
,,0.03103605,37497103.03,,,,
,,0.0310455,37491025.49,,,,
,,0.03105495,37484878.89,,,,
,,0.0310644,37478801.35,,,,
,,0.03107385,37472723.81,,,,
,,0.0310833,37466646.27,,,,
,,0.03109275,37460568.73,,,,
,,0.031102199,37454491.19,,,,
,,0.031111649,37448413.66,,,,
,,0.031121099,37442336.12,,,,
,,0.03113045,37436327.64,,,,
,,0.0311399,37430250.1,,,,
,,0.03114935,37424241.63,,,,
,,0.0311588,37418164.09,,,,
,,0.03116825,37412155.61,,,,
,,0.031177601,37406147.13,,,,
,,0.031187051,37400069.6,,,,
,,0.031196501,37394061.12,,,,
,,0.031205852,37388052.64,,,,
,,0.031215302,37382044.17,,,,
,,0.031224752,37376035.69,,,,
,,0.031234103,37370027.22,,,,
,,0.031243553,37364087.8,,,,
,,0.031253003,37358079.33,,,,
,,0.031262355,37352139.91,,,,
,,0.031271804,37346131.44,,,,
,,0.031281156,37340192.02,,,,
,,0.031290606,37334183.55,,,,
,,0.031299957,37328244.14,,,,
,,0.031309407,37322304.72,,,,
,,0.031318856,37316365.31,,,,
,,0.031328208,37310425.9,,,,
,,0.031337658,37304486.48,,,,
,,0.031347009,37298547.07,,,,
,,0.031356361,37292607.66,,,,
,,0.03136581,37286668.24,,,,
,,0.031375162,37280728.83,,,,
,,0.031384612,37274858.48,,,,
,,0.031393963,37268919.07,,,,
,,0.031403413,37263048.72,,,,
,,0.031412764,37257178.37,,,,
,,0.031422116,37251238.95,,,,
,,0.031431565,37245368.6,,,,
,,0.031440917,37239498.25,,,,
,,0.031450268,37233627.9,,,,
,,0.031459718,37227757.55,,,,
,,0.031469069,37221887.2,,,,
,,0.031478421,37216016.85,,,,
,,0.031487871,37210146.5,,,,
,,0.031497222,37204276.15,,,,
,,0.031506573,37198474.87,,,,
,,0.031516023,37192604.52,,,,
,,0.031525375,37186803.23,,,,
,,0.031534726,37180932.88,,,,
,,0.031544077,37175131.59,,,,
,,0.031553527,37169330.3,,,,
,,0.031562879,37163459.95,,,,
,,0.03157223,37157658.67,,,,
,,0.031581581,37151857.38,,,,
,,0.031590933,37146056.09,,,,
,,0.031600382,37140254.81,,,,
,,0.031609734,37134453.52,,,,
,,0.031619085,37128721.29,,,,
,,0.031628437,37122920.01,,,,
,,0.031637788,37117118.72,,,,
,,0.031647139,37111386.5,,,,
,,0.031656491,37105585.21,,,,
,,0.031665842,37099852.98,,,,
,,0.031675292,37094120.76,,,,
,,0.031684643,37088319.47,,,,
,,0.031691632,37082587.25,,,,
,,0.031698621,37078305.35,,,,
,,0.03170561,37074023.44,,,,
,,0.031712599,37069672.48,,,,
,,0.031719687,37065390.58,,,,
,,0.031726676,37061108.67,,,,
,,0.031733664,37056826.77,,,,
,,0.031740752,37052544.87,,,,
,,0.031747741,37048262.97,,,,
,,0.03175473,37043981.06,,,,
,,0.031761719,37039699.16,,,,
,,0.031768806,37035417.26,,,,
,,0.031775795,37031135.36,,,,
,,0.031782784,37026853.45,,,,
,,0.031789773,37022571.55,,,,
,,0.031796762,37018289.65,,,,
,,0.031803849,37014076.81,,,,
,,0.031810838,37009794.91,,,,
,,0.031817827,37005513.01,,,,
,,0.031824816,37001300.17,,,,
,,0.031831805,36997018.26,,,,
,,0.031838892,36992736.36,,,,
,,0.031845881,36988523.52,,,,
,,0.03185287,36984310.68,,,,
,,0.031859859,36980028.78,,,,
,,0.031866848,36975815.94,,,,
,,0.031873837,36971534.04,,,,
,,0.031880924,36967321.2,,,,
,,0.031887913,36963108.36,,,,
,,0.031894902,36958895.52,,,,
,,0.031901891,36954613.62,,,,
,,0.03190888,36950400.78,,,,
,,0.031915869,36946187.94,,,,
,,0.031922858,36941975.1,,,,
,,0.031929847,36937762.26,,,,
,,0.031936836,36933549.42,,,,
,,0.031943923,36929336.58,,,,
,,0.031950912,36925123.74,,,,
,,0.031957901,36920910.9,,,,
,,0.03196489,36916767.12,,,,
,,0.031971879,36912554.28,,,,
,,0.031978867,36908341.45,,,,
,,0.031985856,36904128.61,,,,
,,0.031992845,36899984.83,,,,
,,0.031999834,36895771.99,,,,
,,0.032006823,36891628.21,,,,
,,0.032013812,36887415.37,,,,
,,0.032020801,36883202.53,,,,
,,0.03202779,36879058.76,,,,
,,0.032034779,36874914.98,,,,
,,0.032041768,36870702.14,,,,
,,0.032048757,36866558.37,,,,
,,0.032055745,36862414.59,,,,
,,0.032062734,36858201.75,,,,
,,0.032069723,36854057.97,,,,
,,0.032076712,36849914.2,,,,
,,0.032083701,36845770.42,,,,
,,0.03209069,36841626.64,,,,
,,0.032097679,36837482.87,,,,
,,0.032104668,36833339.09,,,,
,,0.032111657,36829195.31,,,,
,,0.032118646,36825051.54,,,,
,,0.032125635,36820907.76,,,,
,,0.032132623,36816763.98,,,,
,,0.032139612,36812620.21,,,,
,,0.032146601,36808476.43,,,,
,,0.03215359,36804332.65,,,,
,,0.032160579,36800257.94,,,,
,,0.032167469,36796114.16,,,,
,,0.032174458,36791970.39,,,,
,,0.032181447,36787895.67,,,,
,,0.032188436,36783751.9,,,,
,,0.032195425,36779677.18,,,,
,,0.032202414,36775533.41,,,,
,,0.032209403,36771458.69,,,,
,,0.032216392,36767314.92,,,,
,,0.032223381,36763240.2,,,,
,,0.032230271,36759165.49,,,,
,,0.03223726,36755021.71,,,,
,,0.032244249,36750947,,,,
,,0.032251238,36746872.29,,,,
,,0.032258227,36742797.57,,,,
,,0.032265216,36738722.86,,,,
,,0.032272106,36734648.15,,,,
,,0.032279095,36730573.43,,,,
,,0.032286084,36726498.72,,,,
,,0.032293073,36722424,,,,
,,0.032300062,36718349.29,,,,
,,0.032306952,36714274.58,,,,
,,0.032313941,36710199.86,,,,
,,0.03232093,36706125.15,,,,
,,0.032327919,36702050.44,,,,
,,0.032334809,36698044.79,,,,
,,0.032341798,36693970.07,,,,
,,0.032348787,36689895.36,,,,
,,0.032355776,36685820.64,,,,
,,0.032362667,36681814.99,,,,
,,0.032369656,36677740.28,,,,
,,0.032376644,36673734.63,,,,
,,0.032383633,36669659.92,,,,
,,0.032390524,36665654.27,,,,
,,0.032397513,36661648.61,,,,
,,0.032404502,36657573.9,,,,
,,0.032411392,36653568.25,,,,
,,0.032418381,36649562.6,,,,
,,0.03242537,36645487.89,,,,
,,0.03243226,36641482.24,,,,
,,0.032439249,36637476.59,,,,
,,0.032446238,36633470.93,,,,
,,0.032453129,36629465.28,,,,
,,0.032460118,36625459.63,,,,
,,0.032467106,36621453.98,,,,
,,0.032473997,36617448.33,,,,
,,0.032480986,36613442.68,,,,
,,0.032487975,36609437.03,,,,
,,0.032494865,36605431.38,,,,
,,0.032501854,36601425.73,,,,
,,0.032508744,36597420.08,,,,
,,0.032515733,36593483.49,,,,
,,0.032522722,36589477.84,,,,
,,0.032529613,36585472.19,,,,
,,0.032536602,36581466.54,,,,
,,0.032543492,36577529.95,,,,
,,0.032550481,36573524.3,,,,
,,0.03255747,36569587.71,,,,
,,0.03256436,36565582.06,,,,
,,0.032571349,36561645.47,,,,
,,0.03257824,36557639.82,,,,
,,0.032585229,36553703.24,,,,
,,0.032592119,36549766.65,,,,
,,0.032599108,36545761,,,,
,,0.032605998,36541824.41,,,,
,,0.032612987,36537887.82,,,,
,,0.032619878,36533951.23,,,,
,,0.032626867,36530014.65,,,,
,,0.032633757,36526009,,,,
,,0.032640746,36522072.41,,,,
,,0.032647636,36518135.82,,,,
,,0.032654625,36514199.23,,,,
,,0.032661516,36510262.65,,,,
,,0.032668505,36506326.06,,,,
,,0.032675395,36502389.47,,,,
,,0.032682286,36498521.94,,,,
,,0.032687503,36494585.36,,,,
,,0.03269272,36491615.65,,,,
,,0.032700496,36488715.01,,,,
,,0.032703449,36484294.98,,,,
,,0.03270778,36482637.47,,,,
,,0.032714375,36480151.2,,,,
,,0.032720971,36476421.8,,,,
,,0.032727566,36472692.4,,,,
,,0.032734161,36469032.07,,,,
,,0.032740756,36465302.67,,,,
,,0.032747351,36461573.27,,,,
,,0.032753848,36457912.93,,,,
,,0.032760443,36454183.54,,,,
,,0.032767038,36450523.2,,,,
,,0.032773633,36446793.8,,,,
,,0.03278013,36443133.47,,,,
,,0.032786725,36439404.07,,,,
,,0.03279332,36435743.73,,,,
,,0.032799915,36432014.33,,,,
,,0.032804837,36428354,,,,
,,0.032809759,36425591.48,,,,
,,0.032813401,36422828.96,,,,
,,0.032819012,36420757.07,,,,
,,0.032824524,36417649.24,,,,
,,0.032830037,36414541.41,,,,
,,0.032835647,36411433.57,,,,
,,0.03284116,36408325.74,,,,
,,0.032846672,36405286.97,,,,
,,0.032852184,36402179.14,,,,
,,0.032857795,36399071.31,,,,
,,0.032863308,36395963.48,,,,
,,0.03286882,36392855.64,,,,
,,0.032874431,36389816.87,,,,
,,0.032879943,36386709.04,,,,
,,0.032885455,36383601.21,,,,
,,0.032890968,36380562.44,,,,
,,0.032896579,36377454.61,,,,
,,0.032902091,36374346.77,,,,
,,0.032907603,36371308,,,,
,,0.032913116,36368200.17,,,,
,,0.032918726,36365161.4,,,,
,,0.032924239,36362053.57,,,,
,,0.032929751,36359014.8,,,,
,,0.032935263,36355906.97,,,,
,,0.032940874,36352868.2,,,,
,,0.032946387,36349760.37,,,,
,,0.032951899,36346721.6,,,,
,,0.032957411,36343613.77,,,,
,,0.032962924,36340575,,,,
,,0.032968534,36337536.23,,,,
,,0.032974047,36334428.39,,,,
,,0.032979559,36331389.62,,,,
,,0.032985071,36328350.85,,,,
,,0.032990584,36325243.02,,,,
,,0.032996195,36322204.25,,,,
,,0.033001707,36319165.48,,,,
,,0.033007219,36316126.71,,,,
,,0.033012732,36313087.94,,,,
,,0.033018244,36309980.11,,,,
,,0.033023855,36306941.34,,,,
,,0.033029367,36303902.57,,,,
,,0.03303488,36300863.8,,,,
,,0.033040392,36297825.03,,,,
,,0.033045904,36294786.26,,,,
,,0.033051515,36291747.5,,,,
,,0.033057027,36288708.73,,,,
,,0.03306254,36285669.96,,,,
,,0.033068052,36282631.19,,,,
,,0.033073564,36279592.42,,,,
,,0.033074943,36276553.65,,,,
,,0.033076321,36275793.96,,,,
,,0.033078388,36275034.26,,,,
,,0.033081538,36273929.26,,,,
,,0.033086164,36272202.68,,,,
,,0.033089708,36269647.35,,,,
,,0.033094925,36267713.59,,,,
,,0.03310024,36264812.95,,,,
,,0.033105457,36261981.37,,,,
,,0.033110674,36259080.72,,,,
,,0.033115891,36256249.14,,,,
,,0.033121207,36253348.5,,,,
,,0.033126424,36250447.86,,,,
,,0.033131641,36247616.28,,,,
,,0.033136956,36244715.63,,,,
,,0.033142173,36241884.05,,,,
,,0.03314739,36238983.41,,,,
,,0.033152706,36236151.83,,,,
,,0.033157923,36233320.25,,,,
,,0.03316314,36230419.6,,,,
,,0.033168357,36227588.02,,,,
,,0.033173673,36224687.38,,,,
,,0.03317889,36221855.8,,,,
,,0.033184107,36219024.22,,,,
,,0.033189324,36216123.57,,,,
,,0.033194639,36213291.99,,,,
,,0.033199856,36210460.41,,,,
,,0.033205073,36207628.83,,,,
,,0.03321029,36204728.19,,,,
,,0.033215606,36201896.61,,,,
,,0.033220823,36199065.03,,,,
,,0.03322604,36196233.45,,,,
,,0.033231257,36193401.87,,,,
,,0.033236572,36190501.22,,,,
,,0.033241789,36187669.64,,,,
,,0.033247006,36184838.06,,,,
,,0.033252223,36182006.48,,,,
,,0.033257539,36179174.9,,,,
,,0.033262756,36176343.32,,,,
,,0.033267973,36173511.74,,,,
,,0.03327319,36170680.16,,,,
,,0.033278506,36167848.58,,,,
,,0.033283723,36165017,,,,
,,0.03328894,36162185.42,,,,
,,0.033294157,36159353.83,,,,
,,0.033299472,36156522.25,,,,
,,0.033304689,36153690.67,,,,
,,0.033309906,36150859.09,,,,
,,0.033315123,36148027.51,,,,
,,0.033320439,36145195.93,,,,
,,0.033325656,36142364.35,,,,
,,0.033330873,36139601.83,,,,
,,0.03333609,36136770.25,,,,
,,0.033341405,36133938.67,,,,
,,0.033346622,36131107.09,,,,
,,0.033351839,36128275.51,,,,
,,0.033357056,36125512.99,,,,
,,0.033362273,36122681.41,,,,
,,0.033367589,36119849.83,,,,
,,0.033371428,36117018.25,,,,
,,0.033375365,36114946.36,,,,
,,0.033381271,36112805.41,,,,
,,0.033387177,36109697.58,,,,
,,0.033391607,36106520.68,,,,
,,0.033396037,36104172.54,,,,
,,0.033400466,36101755.34,,,,
,,0.033404896,36099407.2,,,,
,,0.033409325,36097059.06,,,,
,,0.033413656,36094710.92,,,,
,,0.033418086,36092293.72,,,,
,,0.033422515,36089945.58,,,,
,,0.033426945,36087597.44,,,,
,,0.033431375,36085249.3,,,,
,,0.033435804,36082901.16,,,,
,,0.033440234,36080483.95,,,,
,,0.033444663,36078135.81,,,,
,,0.033448994,36075787.67,,,,
,,0.033453424,36073439.53,,,,
,,0.033457853,36071091.39,,,,
,,0.033462283,36068743.25,,,,
,,0.033466713,36066395.11,,,,
,,0.033471142,36064046.97,,,,
,,0.033475572,36061698.83,,,,
,,0.033480001,36059350.69,,,,
,,0.033484332,36056933.49,,,,
,,0.033488762,36054585.35,,,,
,,0.033493191,36052237.21,,,,
,,0.033497621,36049889.07,,,,
,,0.03350205,36047540.93,,,,
,,0.03350648,36045192.79,,,,
,,0.033508055,36042844.65,,,,
,,0.033510516,36042015.9,,,,
,,0.033514256,36040703.7,,,,
,,0.033519867,36038700.87,,,,
,,0.0335241,36035731.17,,,,
,,0.033528234,36033521.15,,,,
,,0.033532467,36031311.14,,,,
,,0.033538766,36029032.06,,,,
,,0.033545066,36025717.04,,,,
,,0.033549791,36022402.02,,,,
,,0.033554516,36019915.75,,,,
,,0.033559142,36017429.49,,,,
,,0.033563867,36014943.22,,,,
,,0.033568592,36012387.89,,,,
,,0.033573317,36009901.63,,,,
,,0.033578042,36007415.36,,,,
,,0.033582767,36004929.1,,,,
,,0.033587492,36002442.83,,,,
,,0.033592118,35999956.56,,,,
,,0.033596843,35997470.3,,,,
,,0.033601568,35994984.03,,,,
,,0.033606293,35992497.77,,,,
,,0.033611017,35990011.5,,,,
,,0.033615742,35987525.23,,,,
,,0.033620467,35985038.97,,,,
,,0.033625192,35982552.7,,,,
,,0.033629818,35980066.44,,,,
,,0.033634543,35977580.17,,,,
,,0.033639268,35975093.9,,,,
,,0.033643993,35972607.64,,,,
,,0.033648718,35970121.37,,,,
,,0.033653443,35967704.17,,,,
,,0.033658069,35965217.9,,,,
,,0.033662794,35962731.64,,,,
,,0.033667519,35960245.37,,,,
,,0.033672244,35957759.11,,,,
,,0.033676968,35955272.84,,,,
,,0.033681693,35952855.64,,,,
,,0.03368632,35950369.37,,,,
,,0.033691044,35947883.1,,,,
,,0.033695769,35945396.84,,,,
,,0.033700494,35942910.57,,,,
,,0.033705219,35940493.37,,,,
,,0.033709845,35938007.1,,,,
,,0.03371457,35935520.84,,,,
,,0.033719295,35933103.64,,,,
,,0.03372402,35930617.37,,,,
,,0.033728745,35928131.1,,,,
,,0.03373347,35925713.9,,,,
,,0.033738096,35923227.63,,,,
,,0.033742821,35920741.37,,,,
,,0.033747546,35918324.17,,,,
,,0.033752271,35915837.9,,,,
,,0.033756995,35913351.63,,,,
,,0.033761622,35910934.43,,,,
,,0.033766347,35908448.16,,,,
,,0.033771072,35906030.96,,,,
,,0.033775796,35903544.7,,,,
,,0.033780521,35901127.49,,,,
,,0.033785148,35898641.23,,,,
,,0.033789873,35896154.96,,,,
,,0.033794597,35893737.76,,,,
,,0.033799322,35891320.56,,,,
,,0.033803949,35888834.29,,,,
,,0.033808674,35886417.09,,,,
,,0.033813398,35883930.82,,,,
,,0.033818123,35881513.62,,,,
,,0.033822848,35879027.35,,,,
,,0.033827474,35876610.15,,,,
,,0.033832199,35874123.88,,,,
,,0.033836924,35871706.68,,,,
,,0.033841649,35869289.48,,,,
,,0.033846275,35866803.21,,,,
,,0.033851,35864386.01,,,,
,,0.033855725,35861968.8,,,,
,,0.03386045,35859482.54,,,,
,,0.033865076,35857065.34,,,,
,,0.033869801,35854648.13,,,,
,,0.033874526,35852161.87,,,,
,,0.033879251,35849744.66,,,,
,,0.033883877,35847327.46,,,,
,,0.033888602,35844841.19,,,,
,,0.033893327,35842423.99,,,,
,,0.033898052,35840006.79,,,,
,,0.033902678,35837589.59,,,,
,,0.033907403,35835172.38,,,,
,,0.033912128,35832686.12,,,,
,,0.033916853,35830268.91,,,,
,,0.033921479,35827851.71,,,,
,,0.033926204,35825434.51,,,,
,,0.033930929,35823017.3,,,,
,,0.033935654,35820531.04,,,,
,,0.03394028,35818113.84,,,,
,,0.033945005,35815696.63,,,,
,,0.03394973,35813279.43,,,,
,,0.033954356,35810862.23,,,,
,,0.033956719,35808445.02,,,,
,,0.033959081,35807201.89,,,,
,,0.033962625,35806027.82,,,,
,,0.03396794,35804232.18,,,,
,,0.033971877,35801469.67,,,,
,,0.033975815,35799466.84,,,,
,,0.033978768,35797394.95,,,,
,,0.033983296,35795875.57,,,,
,,0.033987725,35793596.49,,,,
,,0.033992155,35791248.35,,,,
,,0.033996683,35788969.27,,,,
,,0.034001112,35786690.2,,,,
,,0.034005542,35784411.12,,,,
,,0.034009971,35782132.04,,,,
,,0.034014499,35779783.9,,,,
,,0.034018929,35777504.83,,,,
,,0.034023358,35775225.75,,,,
,,0.034027788,35772946.67,,,,
,,0.034032316,35770667.59,,,,
,,0.034036745,35768388.52,,,,
,,0.034041175,35766109.44,,,,
,,0.034045703,35763761.3,,,,
,,0.034050132,35761482.22,,,,
,,0.034054562,35759203.15,,,,
,,0.034058992,35756924.07,,,,
,,0.034063519,35754644.99,,,,
,,0.034067949,35752365.91,,,,
,,0.034072379,35750086.84,,,,
,,0.034076808,35747807.76,,,,
,,0.034081336,35745528.68,,,,
,,0.034085766,35743249.61,,,,
,,0.034090195,35740970.53,,,,
,,0.034094723,35738691.45,,,,
,,0.034099153,35736412.38,,,,
,,0.034103582,35734133.3,,,,
,,0.034108012,35731854.22,,,,
,,0.03411254,35729575.14,,,,
,,0.034116969,35727296.07,,,,
,,0.034121399,35725016.99,,,,
,,0.034125828,35722737.91,,,,
,,0.034130356,35720458.84,,,,
,,0.034134786,35718179.76,,,,
,,0.034139215,35715900.68,,,,
,,0.034143645,35713690.67,,,,
,,0.034148173,35711411.59,,,,
,,0.034152602,35709132.51,,,,
,,0.034157032,35706853.44,,,,
,,0.034161461,35704574.36,,,,
,,0.034165891,35702295.28,,,,
,,0.034170419,35700016.2,,,,
,,0.034174848,35697806.19,,,,
,,0.034179278,35695527.11,,,,
,,0.034183707,35693248.04,,,,
,,0.034188235,35690968.96,,,,
,,0.034192665,35688689.88,,,,
,,0.034197094,35686479.87,,,,
,,0.034201524,35684200.79,,,,
,,0.034206052,35681921.71,,,,
,,0.034210482,35679642.64,,,,
,,0.034214911,35677432.62,,,,
,,0.034219341,35675153.55,,,,
,,0.03422377,35672874.47,,,,
,,0.034228298,35670664.45,,,,
,,0.034232728,35668385.38,,,,
,,0.034237157,35666106.3,,,,
,,0.034241587,35663827.22,,,,
,,0.034246115,35661617.21,,,,
,,0.034250544,35659338.13,,,,
,,0.034254974,35657059.05,,,,
,,0.034259403,35654849.04,,,,
,,0.034263833,35652569.96,,,,
,,0.034266097,35650359.95,,,,
,,0.034268262,35649185.88,,,,
,,0.034271609,35648080.87,,,,
,,0.034276629,35646423.36,,,,
,,0.03428037,35643868.03,,,,
,,0.034284209,35641934.27,,,,
,,0.034287949,35640069.57,,,,
,,0.03429169,35638135.81,,,,
,,0.03429543,35636271.11,,,,
,,0.034299171,35634337.35,,,,
,,0.034302911,35632472.65,,,,
,,0.034306652,35630607.95,,,,
,,0.03431049,35628674.18,,,,
,,0.034314231,35626809.49,,,,
,,0.034317971,35624875.72,,,,
,,0.034321712,35623011.02,,,,
,,0.034324468,35621077.26,,,,
,,0.034328799,35619696,,,,
,,0.034332933,35617555.05,,,,
,,0.034337166,35615414.1,,,,
,,0.034341399,35613273.15,,,,
,,0.034345631,35611132.2,,,,
,,0.034349864,35609060.31,,,,
,,0.034354097,35606919.36,,,,
,,0.034358329,35604778.41,,,,
,,0.034362562,35602637.46,,,,
,,0.034366795,35600496.5,,,,
,,0.034370929,35598424.62,,,,
,,0.034375162,35596283.66,,,,
,,0.034379394,35594142.71,,,,
,,0.034383627,35592001.76,,,,
,,0.03438786,35589929.87,,,,
,,0.034392092,35587788.92,,,,
,,0.034396325,35585647.97,,,,
,,0.034400557,35583507.02,,,,
,,0.03440479,35581435.13,,,,
,,0.034408924,35579294.18,,,,
,,0.034413157,35577153.23,,,,
,,0.03441739,35575081.34,,,,
,,0.034421622,35572940.39,,,,
,,0.034425855,35570799.44,,,,
,,0.034430088,35568727.55,,,,
,,0.03443432,35566586.6,,,,
,,0.034438553,35564445.65,,,,
,,0.034442786,35562373.76,,,,
,,0.03444692,35560232.81,,,,
,,0.034451152,35558091.86,,,,
,,0.034455385,35556019.97,,,,
,,0.034459618,35553879.02,,,,
,,0.03446385,35551807.13,,,,
,,0.034468083,35549666.18,,,,
,,0.034472316,35547525.23,,,,
,,0.034476548,35545453.34,,,,
,,0.034480683,35543312.39,,,,
,,0.034484915,35541240.5,,,,
,,0.034489148,35539099.55,,,,
,,0.034493381,35537027.66,,,,
,,0.034497613,35534886.71,,,,
,,0.034501846,35532814.82,,,,
,,0.034506079,35530673.87,,,,
,,0.034510213,35528601.98,,,,
,,0.034514445,35526461.03,,,,
,,0.034518678,35524389.14,,,,
,,0.034522911,35522248.19,,,,
,,0.034527143,35520107.24,,,,
,,0.034531376,35518035.35,,,,
,,0.034535609,35515963.46,,,,
,,0.034539841,35513822.51,,,,
,,0.034543976,35511750.62,,,,
,,0.034548208,35509609.67,,,,
,,0.034552441,35507537.78,,,,
,,0.034556674,35505396.83,,,,
,,0.034560906,35503324.94,,,,
,,0.034565139,35501183.99,,,,
,,0.034569371,35499112.1,,,,
,,0.034573506,35497040.22,,,,
,,0.034577738,35494899.27,,,,
,,0.034581971,35492827.38,,,,
,,0.034586204,35490686.43,,,,
,,0.034590436,35488614.54,,,,
,,0.034594669,35486542.65,,,,
,,0.034598902,35484401.7,,,,
,,0.034603036,35482329.81,,,,
,,0.034607269,35480257.92,,,,
,,0.034611501,35478116.97,,,,
,,0.034614651,35476045.08,,,,
,,0.034617801,35474456.63,,,,
,,0.034622624,35472868.19,,,,
,,0.034626168,35470520.05,,,,
,,0.034629711,35468793.47,,,,
,,0.034633255,35466997.84,,,,
,,0.034636799,35465271.26,,,,
,,0.034640342,35463475.63,,,,
,,0.034643886,35461679.99,,,,
,,0.034647528,35459953.42,,,,
,,0.034648808,35458157.78,,,,
,,0.034650776,35457536.21,,,,
,,0.034653828,35456500.27,,,,
,,0.034654911,35455049.95,,,,
,,0.034656584,35454497.44,,,,
,,0.034659143,35453668.69,,,,
,,0.034662982,35452425.56,,,,
,,0.034666821,35450491.79,,,,
,,0.034670561,35448627.09,,,,
,,0.0346744,35446762.39,,,,
,,0.034678141,35444828.63,,,,
,,0.03468198,35442963.93,,,,
,,0.034685819,35441099.23,,,,
,,0.034689559,35439234.53,,,,
,,0.034693398,35437369.83,,,,
,,0.034697139,35435436.07,,,,
,,0.034700977,35433571.37,,,,
,,0.034704816,35431706.67,,,,
,,0.034708557,35429841.97,,,,
,,0.034712396,35427977.27,,,,
,,0.034716136,35426043.51,,,,
,,0.034719975,35424178.81,,,,
,,0.034723814,35422314.11,,,,
,,0.034727555,35420449.41,,,,
,,0.034731394,35418584.71,,,,
,,0.034735134,35416720.01,,,,
,,0.034738973,35414786.25,,,,
,,0.034742812,35412921.55,,,,
,,0.034746552,35411056.85,,,,
,,0.034750391,35409192.15,,,,
,,0.034754132,35407327.45,,,,
,,0.034757971,35405462.75,,,,
,,0.034761809,35403598.06,,,,
,,0.03476555,35401664.29,,,,
,,0.034769389,35399799.59,,,,
,,0.034773129,35397934.89,,,,
,,0.034776968,35396070.19,,,,
,,0.034780807,35394205.5,,,,
,,0.034784548,35392340.8,,,,
,,0.034788387,35390476.1,,,,
,,0.034792127,35388611.4,,,,
,,0.034795966,35386746.7,,,,
,,0.034799805,35384882,,,,
,,0.034803545,35383017.3,,,,
,,0.034807384,35381152.6,,,,
,,0.034811125,35379218.84,,,,
,,0.034814964,35377354.14,,,,
,,0.034818803,35375489.44,,,,
,,0.034822543,35373624.74,,,,
,,0.034826382,35371760.04,,,,
,,0.034830122,35369895.34,,,,
,,0.034833961,35368030.64,,,,
,,0.0348378,35366165.94,,,,
,,0.034841541,35364301.24,,,,
,,0.03484538,35362436.54,,,,
,,0.03484912,35360571.84,,,,
,,0.034852959,35358707.14,,,,
,,0.034856798,35356842.44,,,,
,,0.034860538,35354977.74,,,,
,,0.034864377,35353113.04,,,,
,,0.034868118,35351248.35,,,,
,,0.034871957,35349383.65,,,,
,,0.034875697,35347518.95,,,,
,,0.034879536,35345654.25,,,,
,,0.034883375,35343789.55,,,,
,,0.034887116,35341924.85,,,,
,,0.034890954,35340129.21,,,,
,,0.034894695,35338264.51,,,,
,,0.034898534,35336399.81,,,,
,,0.034902373,35334535.11,,,,
,,0.034906113,35332670.41,,,,
,,0.034909952,35330805.71,,,,
,,0.034913693,35328941.01,,,,
,,0.034917531,35327076.32,,,,
,,0.03492137,35325211.62,,,,
,,0.034925111,35323346.92,,,,
,,0.03492895,35321482.22,,,,
,,0.03493269,35319617.52,,,,
,,0.034936529,35317821.88,,,,
,,0.034940368,35315957.18,,,,
,,0.034944109,35314092.48,,,,
,,0.034947948,35312227.78,,,,
,,0.034951688,35310363.08,,,,
,,0.034955527,35308498.38,,,,
,,0.034959267,35306633.68,,,,
,,0.034963106,35304838.05,,,,
,,0.034966945,35302973.35,,,,
,,0.034970686,35301108.65,,,,
,,0.034974525,35299243.95,,,,
,,0.034978265,35297379.25,,,,
,,0.034982104,35295514.55,,,,
,,0.034985943,35293718.91,,,,
,,0.034989683,35291854.21,,,,
,,0.034993522,35289989.52,,,,
,,0.034997263,35288124.82,,,,
,,0.035001102,35286260.12,,,,
,,0.035004941,35284395.42,,,,
,,0.035008681,35282599.78,,,,
,,0.03501252,35280735.08,,,,
,,0.03501626,35278870.38,,,,
,,0.035020099,35277005.68,,,,
,,0.03502384,35275210.05,,,,
,,0.035027679,35273345.35,,,,
,,0.035031518,35271480.65,,,,
,,0.035035258,35269615.95,,,,
,,0.035039097,35267751.25,,,,
,,0.035042838,35265955.61,,,,
,,0.035046676,35264090.91,,,,
,,0.035050515,35262226.21,,,,
,,0.035054256,35260361.51,,,,
,,0.035058095,35258565.88,,,,
,,0.035061835,35256701.18,,,,
,,0.035065674,35254836.48,,,,
,,0.035069513,35253040.84,,,,
,,0.035073253,35251176.14,,,,
,,0.035077092,35249311.44,,,,
,,0.035080833,35247446.74,,,,
,,0.035084672,35245651.11,,,,
,,0.035088412,35243786.41,,,,
,,0.035092251,35241921.71,,,,
,,0.03509609,35240126.07,,,,
,,0.035099831,35238261.37,,,,
,,0.035103669,35236396.67,,,,
,,0.03510741,35234601.04,,,,
,,0.035111249,35232736.34,,,,
,,0.035115088,35230871.64,,,,
,,0.035118828,35229076,,,,
,,0.035122667,35227211.3,,,,
,,0.035126408,35225346.6,,,,
,,0.035130246,35223550.96,,,,
,,0.035134085,35221686.27,,,,
,,0.035137826,35219821.57,,,,
,,0.035141665,35218025.93,,,,
,,0.035145405,35216161.23,,,,
,,0.035149244,35214365.59,,,,
,,0.035152985,35212500.89,,,,
,,0.035156824,35210636.19,,,,
,,0.035160662,35208840.56,,,,
,,0.035164403,35206975.86,,,,
,,0.035168242,35205111.16,,,,
,,0.035171982,35203315.52,,,,
,,0.035175821,35201450.82,,,,
,,0.03517966,35199655.19,,,,
,,0.035183401,35197790.49,,,,
,,0.035187239,35195994.85,,,,
,,0.03519098,35194130.15,,,,
,,0.035194819,35192265.45,,,,
,,0.035198658,35190469.82,,,,
,,0.035199741,35188605.12,,,,
