Time,PE1MAX,PE1MIN,PE2MAX,PE2MIN,PEEQMAX,PEEQMIN
0,0,0,0,0,0,0
0.0001,0,0,0,0,0,0
0.0002,0,0,0,0,0,0
0.0003,0,0,0,0,0,0
0.0004,0,0,0,0,0,0
0.0005,0,0,0,0,0,0
0.0006,0,0,0,0,0,0
0.0007,0,0,0,0,0,0
0.0008,0,0,0,0,0,0
0.0009,0,0,0,0,0,0
0.001,0,0,0,0,0,0
0.0011,0,0,0,0,0,0
0.0012,0,0,0,0,0,0
0.0013,0,0,0,0,0,0
0.0014,0,0,0,0,0,0
0.0015,0,0,0,0,0,0
0.0016,0,0,0,0,0,0
0.0017,0,0,0,0,0,0
0.0018,0,0,0,0,0,0
0.0019,0,0,0,0,0,0
0.002,0,0,0,0,0,0
0.0021,0,0,0,0,0,0
0.0022,0,0,0,0,0,0
0.0023,0,0,0,0,0,0
0.0024,0,0,0,0,0,0
0.0025,0,0,0,0,0,0
0.0026,0,0,0,0,0,0
0.0027,0,0,0,0,0,0
0.0028,0,0,0,0,0,0
0.0029,0,0,0,0,0,0
0.003,0,0,0,0,0,0
0.0031,0,0,0,0,0,0
0.0032,0,0,0,0,0,0
0.0033,0,0,0,0,0,0
0.0034,0,0,0,0,0,0
0.0035,0,0,0,0,0,0
0.0036,0,0,0,0,0,0
0.0037,0,0,0,0,0,0
0.0038,0,0,0,0,0,0
0.0039,0,0,0,0,0,0
0.004,0,0,0,0,0,0
0.0041,0,0,0,0,0,0
0.0042,0,0,0,0,0,0
0.0043,0,0,0,0,0,0
0.0044,0,0,0,0,0,0
0.0045,0,0,0,0,0,0
0.0046,0,0,0,0,0,0
0.0047,0,0,0,0,0,0
0.0048,0,0,0,0,0,0
0.0049,0,0,0,0,0,0
0.005,0,0,0,0,0,0
0.0051,0,0,0,0,0,0
0.0052,0,0,0,0,0,0
0.0053,0,0,0,0,0,0
0.0054,0,0,0,0,0,0
0.0055,0,0,0,0,0,0
0.0056,0,0,0,0,0,0
0.0057,0,0,0,0,0,0
0.0058,0,0,0,0,0,0
0.0059,0,0,0,0,0,0
0.006,0,0,0,0,0,0
0.0061,0,0,0,0,0,0
0.0062,0,0,0,0,0,0
0.0063,0,0,0,0,0,0
0.0064,0,0,0,0,0,0
0.0065,0,0,0,0,0,0
0.0066,0,0,0,0,0,0
0.0067,0,0,0,0,0,0
0.0068,0,0,0,0,0,0
0.0069,0,0,0,0,0,0
0.007,0,0,0,0,0,0
0.0071,0,0,0,0,0,0
0.0072,0,0,0,0,0,0
0.0073,0,0,0,0,0,0
0.0074,0,0,0,0,0,0
0.0075,0,0,0,0,0,0
0.0076,0,0,0,0,0,0
0.0077,0,0,0,0,0,0
0.0078,0,0,0,0,0,0
0.0079,0,0,0,0,0,0
0.008,0,0,0,0,0,0
0.0081,0,0,0,0,0,0
0.0082,0,0,0,0,0,0
0.0083,0,0,0,0,0,0
0.0084,0,0,0,0,0,0
0.0085,0,0,0,0,0,0
0.0086,0,0,0,0,0,0
0.0087,0,0,0,0,0,0
0.0088,0,0,0,0,0,0
0.0089,0,0,0,0,0,0
0.009,0,0,0,0,0,0
0.0091,0,0,0,0,0,0
0.0092,0,0,0,0,0,0
0.0093,0,0,0,0,0,0
0.0094,0,0,0,0,0,0
0.0095,0,0,0,0,0,0
0.0096,0,0,0,0,0,0
0.0097,0,0,0,0,0,0
0.0098,0,0,0,0,0,0
0.0099,0,0,0,0,0,0
0.01,0,0,0,0,0,0
0.0101,0,0,0,0,0,0
0.0102,0,0,0,0,0,0
0.0103,0,0,0,0,0,0
0.0104,0,0,0,0,0,0
0.0105,0,0,0,0,0,0
0.0106,0,0,0,0,0,0
0.0107,0,0,0,0,0,0
0.0108,0,0,0,0,0,0
0.0109,0,0,0,0,0,0
0.011,0,0,0,0,0,0
0.0111,0,0,0,0,0,0
0.0112,0,0,0,0,0,0
0.0113,0,0,0,0,0,0
0.0114,0,0,0,0,0,0
0.0115,0,0,0,0,0,0
0.0116,0,0,0,0,0,0
0.0117,0,0,0,0,0,0
0.0118,0,0,0,0,0,0
0.0119,0,0,0,0,0,0
0.012,0,0,0,0,0,0
0.0121,0,0,0,0,0,0
0.0122,0,0,0,0,0,0
0.0123,0,0,0,0,0,0
0.0124,0,0,0,0,0,0
0.0125,0,0,0,0,0,0
0.0126,0,0,0,0,0,0
0.0127,0,0,0,0,0,0
0.0128,0,0,0,0,0,0
0.0129,0,0,0,0,0,0
0.013,0,0,0,0,0,0
0.0131,0,0,0,0,0,0
0.0132,0,0,0,0,0,0
0.0133,0,0,0,0,0,0
0.0134,0,0,0,0,0,0
0.0135,0,0,0,0,0,0
0.0136,0,0,0,0,0,0
0.0137,0,0,0,0,0,0
0.0138,0,0,0,0,0,0
0.0139,0,0,0,0,0,0
0.014,0,0,0,0,0,0
0.0141,0,0,0,0,0,0
0.0142,0,0,0,0,0,0
0.0143,0,0,0,0,0,0
0.0144,0,0,0,0,0,0
0.0145,0,0,0,0,0,0
0.0146,0,0,0,0,0,0
0.0147,0,0,0,0,0,0
0.0148,0,0,0,0,0,0
0.0149,0,0,0,0,0,0
0.015,0,0,0,0,0,0
0.0151,0,0,0,0,0,0
0.0152,0,0,0,0,0,0
0.0153,0,0,0,0,0,0
0.0154,0,0,0,0,0,0
0.0155,0,0,0,0,0,0
0.0156,0,0,0,0,0,0
0.0157,0,0,0,0,0,0
0.0158,0,0,0,0,0,0
0.0159,0,0,0,0,0,0
0.016,0,0,0,0,0,0
0.0161,0,0,0,0,0,0
0.0162,0,0,0,0,0,0
0.0163,0,0,0,0,0,0
0.0164,0,0,0,0,0,0
0.0165,0,0,0,0,0,0
0.0166,0,0,0,0,0,0
0.0167,0,0,0,0,0,0
0.0168,0,0,0,0,0,0
0.0169,0,0,0,0,0,0
0.017,0,0,0,0,0,0
0.0171,0,0,0,0,0,0
0.0172,0,0,0,0,0,0
0.0173,0,0,0,0,0,0
0.0174,0,0,0,0,0,0
0.0175,0,0,0,0,0,0
0.0176,0,0,0,0,0,0
0.0177,0,0,0,0,0,0
0.0178,0,0,0,0,0,0
0.0179,0,0,0,0,0,0
0.018,0,0,0,0,0,0
0.0181,0,0,0,0,0,0
0.0182,0,0,0,0,0,0
0.0183,0,0,0,0,0,0
0.0184,0,0,0,0,0,0
0.0185,0,0,0,0,0,0
0.0186,0,0,0,0,0,0
0.0187,0,0,0,0,0,0
0.0188,0,0,0,0,0,0
0.0189,0,0,0,0,0,0
0.019,0,0,0,0,0,0
0.0191,0,0,0,0,0,0
0.0192,0,0,0,0,0,0
0.0193,1.24E-07,0,-4.63E-08,0,1.26E-07,0
0.0194,5.92E-07,0,-2.20E-07,0,5.98E-07,0
0.0195,1.40E-06,0,-5.20E-07,0,1.41E-06,0
0.0196,6.59E-06,0,-2.45E-06,0,6.66E-06,0
0.0197,1.94E-05,0,-7.20E-06,0,1.96E-05,0
0.0198,3.66E-05,0,-1.36E-05,0,3.70E-05,0
0.0199,5.67E-05,0,-2.10E-05,0,5.73E-05,0
0.02,7.86E-05,0,-2.91E-05,0,7.95E-05,0
0.0201,0.0001018,0,-3.77E-05,0,0.00010294,0
0.0202,0.000125806,0,-4.65E-05,0,0.000127226,0
0.0203,0.000150342,0,-5.55E-05,0,0.000152052,0
0.0204,0.000175221,0,-6.46E-05,0,0.000177231,0
0.0205,0.000200365,0,-7.37E-05,0,0.000202682,0
0.0206,0.000225768,0,-8.30E-05,0,0.0002284,0
0.0207,0.000251421,0,-9.22E-05,0,0.000254376,0
0.0208,0.000279762,0,-0.00010247,0,0.00028308,0
0.0209,0.000311685,0,-0.000113955,0,0.000315419,0
0.021,0.00034743,0,-0.000126766,0,0.00035164,0
0.021,0.00034743,0,-0.000126766,0,0.00035164,0
0.0210912,0.00034817,0,-0.000127033,0,0.000352389,0
0.0217589,0.000484894,0,-0.00017608,0,0.00049092,0
0.02452,0.00160713,0,-0.000555119,0,0.0016329,0
0.02752,0.00298163,0.000276506,-0.000981575,-0.000161727,0.00304029,0.000277832
0.03052,0.00420716,0.000949121,-0.00134127,-0.000554854,0.00430025,0.000953647
0.0335199,0.00540005,0.00161897,-0.00167744,-0.000945241,0.00553043,0.00162657
0.03652,0.00646716,0.00223694,-0.00196969,-0.00130347,0.00663332,0.00224719
0.03952,0.00749469,0.00283005,-0.00224525,-0.0016458,0.00769704,0.00284269
0.0425199,0.00850582,0.0034171,-0.00251168,-0.00198315,0.00874521,0.00343198
0.04552,0.00950493,0.00400165,-0.00277102,-0.00231736,0.00978213,0.00401859
0.04852,0.0105128,0.00458737,-0.00302899,-0.00265035,0.0108293,0.00460622
0.05152,0.011522,0.00517646,-0.00328378,-0.00298316,0.0118789,0.00519704
0.05452,0.0125503,0.00578227,-0.00354022,-0.00332296,0.0129495,0.00580443
0.0575199,0.0135874,0.00639839,-0.00379603,-0.00366576,0.0140301,0.00642195
0.0605199,0.0146277,0.00702434,-0.0040502,-0.004011,0.015115,0.0070491
0.0635199,0.015672,0.0076597,-0.0043033,-0.00435807,0.0162046,0.00768546
0.06652,0.0167029,0.0082863,-0.00455136,-0.00469737,0.0172808,0.00831287
0.06952,0.0177369,0.00892658,-0.00479869,-0.00504088,0.0183609,0.0089538
0.07252,0.0187751,0.0095779,-0.00504574,-0.00538666,0.0194457,0.00960561
0.0755199,0.019814,0.0102387,-0.00529177,-0.00573364,0.0205318,0.0102668
0.0785199,0.0208524,0.0109113,-0.0055365,-0.00608271,0.0216178,0.0109396
0.08152,0.0218888,0.0115895,-0.0057797,-0.00643056,0.022702,0.011618
0.08452,0.0229269,0.0122758,-0.00602238,-0.00677829,0.0237884,0.0123043
0.08752,0.0239721,0.0129749,-0.00626589,-0.0071282,0.0248825,0.0130035
0.0905199,0.0250153,0.0136811,-0.00650822,-0.00747716,0.0259749,0.0137097
0.0935199,0.026044,0.0143827,-0.00674653,-0.00781952,0.0270522,0.0144114
0.0965199,0.0270665,0.0150852,-0.00698288,-0.0081583,0.0281234,0.0151141
0.0995199,0.0280857,0.0157914,-0.00721797,-0.0084949,0.0291913,0.0158206
0.10252,0.0291025,0.0165017,-0.00745208,-0.00882953,0.0302569,0.0165313
0.10552,0.0301209,0.0172181,-0.00768605,-0.00916317,0.0313243,0.0172483
0.10852,0.0311427,0.0179452,-0.00792035,-0.00949778,0.0323955,0.0179762
0.11152,0.0321597,0.0186746,-0.00815315,-0.00982949,0.0334617,0.0187066
0.11452,0.0331703,0.0194055,-0.00838422,-0.0101581,0.0345215,0.0194388
0.11752,0.034181,0.0201438,-0.00861515,-0.0104863,0.0355815,0.0201786
0.12052,0.0351923,0.0208929,-0.00884606,-0.0108154,0.0366421,0.0209294
0.12352,0.0362035,0.0216489,-0.00907689,-0.0111437,0.0377027,0.0216876
0.12652,0.0372139,0.0224109,-0.0093075,-0.0114707,0.0387626,0.0224522
0.12952,0.0382245,0.0231796,-0.00953811,-0.0117968,0.0398228,0.0232239
0.13252,0.039235,0.0239532,-0.00976865,-0.0121211,0.0408828,0.0240008
0.13552,0.0402446,0.0247313,-0.00999891,-0.0124437,0.041942,0.0247827
0.13852,0.0412523,0.0255131,-0.0102287,-0.0127643,0.0429992,0.0255687
0.14152,0.0422585,0.0262993,-0.010458,-0.0130833,0.0440549,0.0263596
0.14452,0.0432664,0.0270935,-0.0106877,-0.013402,0.0451125,0.0271589
0.14752,0.0442786,0.0278972,-0.0109183,-0.013721,0.0461746,0.0279683
0.15052,0.0452937,0.0287094,-0.0111495,-0.0140399,0.0472398,0.0287868
0.15352,0.0463102,0.0295286,-0.011381,-0.0143581,0.0483066,0.0296128
0.15652,0.0473275,0.0303551,-0.0116126,-0.0146756,0.0493743,0.0304468
0.15952,0.048345,0.0311883,-0.0118441,-0.0149922,0.0504422,0.031288
0.16252,0.0493597,0.0320228,-0.0120748,-0.015306,0.0515073,0.0321311
0.16552,0.0503712,0.0328588,-0.0123048,-0.0156172,0.0525691,0.0329762
0.16852,0.0513803,0.0336969,-0.012534,-0.0159262,0.0536284,0.033824
0.17152,0.0523874,0.0345375,-0.0127626,-0.0162331,0.0546857,0.0346749
0.17452,0.053393,0.0353809,-0.0129908,-0.0165383,0.0557415,0.035529
0.17752,0.0544005,0.0362308,-0.0132193,-0.016843,0.0567994,0.0363903
0.18052,0.0554106,0.0370878,-0.0134482,-0.0171475,0.05786,0.0372593
0.18352,0.0564223,0.0379507,-0.0136773,-0.0174514,0.0589224,0.0381349
0.18652,0.0574346,0.0388185,-0.0139065,-0.0177542,0.0599855,0.039016
0.18952,0.0584479,0.0396905,-0.0141356,-0.0180558,0.0610497,0.0399018
0.19252,0.059462,0.0405683,-0.0143648,-0.0183569,0.0621148,0.0407942
0.19552,0.0604772,0.0414516,-0.014594,-0.0186571,0.0631812,0.0416926
0.19852,0.0614913,0.0423379,-0.0148229,-0.0189559,0.0642465,0.0425947
0.20152,0.0625041,0.0432266,-0.0150512,-0.019253,0.0653105,0.0434997
0.20452,0.0635161,0.0441179,-0.0152792,-0.0195485,0.0663737,0.044408
0.20752,0.0645287,0.0450132,-0.0155071,-0.0198431,0.0674376,0.0453209
0.21052,0.065543,0.0459141,-0.0157353,-0.0201372,0.0685033,0.04624
0.21352,0.0665589,0.0468202,-0.0159636,-0.0204307,0.0695709,0.047165
0.21652,0.0675761,0.0477308,-0.016192,-0.0207234,0.0706399,0.048095
0.21952,0.0685945,0.0486456,-0.0164205,-0.0210152,0.0717102,0.0490299
0.22252,0.0696136,0.0495643,-0.0166489,-0.0213061,0.0727812,0.0499693
0.22552,0.0706335,0.0504877,-0.0168773,-0.0215964,0.0738532,0.050914
0.22852,0.071653,0.0514137,-0.0171054,-0.0218853,0.0749249,0.051862
0.23152,0.0726721,0.0523421,-0.0173332,-0.0221731,0.0759962,0.052813
0.23452,0.0736912,0.0532733,-0.0175608,-0.0224596,0.0770676,0.0537672
0.23752,0.0747111,0.0542078,-0.0177883,-0.0227453,0.0781398,0.0547254
0.24052,0.0757319,0.0551464,-0.0180159,-0.0230304,0.0792131,0.0556882
0.24352,0.0767525,0.0560877,-0.0182432,-0.0233144,0.0802863,0.0566544
0.24652,0.0777731,0.0570311,-0.0184702,-0.0235973,0.0813594,0.0576232
0.24952,0.0787932,0.0579766,-0.0186969,-0.0238789,0.0824322,0.0585945
0.25252,0.0798128,0.0589238,-0.0189233,-0.0241595,0.0835045,0.0595682
0.25552,0.0808323,0.0598737,-0.0191494,-0.0244391,0.0845768,0.060545
0.25852,0.0818518,0.0608261,-0.0193753,-0.0247178,0.085649,0.0615249
0.26152,0.0828711,0.0617806,-0.0196009,-0.0249955,0.0867212,0.0625075
0.26452,0.0838909,0.0627376,-0.0198264,-0.0252724,0.0877939,0.063493
0.26752,0.0849109,0.0636971,-0.0200517,-0.0255485,0.088867,0.0644815
0.27052,0.0859316,0.0646595,-0.0202769,-0.0258239,0.0899407,0.0654735
0.27352,0.0869535,0.0656252,-0.0205022,-0.0260987,0.0910158,0.0664692
0.27652,0.087976,0.0665934,-0.0207274,-0.0263728,0.0920916,0.0674681
0.27952,0.0889984,0.0675636,-0.0209524,-0.026646,0.0931674,0.0684693
0.28252,0.0900209,0.0685357,-0.0211771,-0.0269183,0.0942433,0.0694731
0.28552,0.0910435,0.0695101,-0.0214017,-0.0271899,0.0953194,0.0704795
0.28852,0.0920662,0.0704869,-0.021626,-0.0274608,0.0963957,0.0714888
0.29152,0.0930893,0.0714657,-0.0218502,-0.0277309,0.0974724,0.0725007
0.29452,0.0941132,0.0724469,-0.0220744,-0.0280004,0.0985499,0.0735154
0.29752,0.0951372,0.0734302,-0.0222984,-0.0282691,0.0996278,0.0745326
0.30052,0.096162,0.0744158,-0.0225223,-0.0285372,0.100706,0.0755527
0.30352,0.0971876,0.0754038,-0.0227461,-0.0288048,0.101786,0.0765756
0.30652,0.0982132,0.0763931,-0.0229698,-0.0290714,0.102866,0.0776003
0.30952,0.0992385,0.0773835,-0.0231931,-0.0293372,0.103945,0.0786265
0.31252,0.100264,0.0783752,-0.0234161,-0.0296021,0.105024,0.0796544
0.31552,0.101289,0.0793684,-0.0236389,-0.0298663,0.106103,0.0806842
0.31852,0.102314,0.0803631,-0.0238614,-0.0301298,0.107182,0.0817159
0.32152,0.103339,0.0813594,-0.0240838,-0.0303926,0.108262,0.0827497
0.32452,0.104365,0.0823574,-0.0243059,-0.0306547,0.109342,0.0837856
0.32752,0.105391,0.0833571,-0.024528,-0.0309163,0.110423,0.0848235
0.33052,0.106418,0.0843589,-0.02475,-0.0311773,0.111505,0.085864
0.33352,0.107446,0.0853625,-0.0249719,-0.0314378,0.112587,0.0869068
0.33652,0.108474,0.0863678,-0.0251936,-0.0316976,0.11367,0.0879516
0.33952,0.109502,0.0873741,-0.025415,-0.0319568,0.114753,0.0889978
0.34252,0.11053,0.0883809,-0.025636,-0.032215,0.115836,0.0900449
0.34552,0.111557,0.0893886,-0.0258566,-0.0324725,0.116918,0.0910932
0.34852,0.112584,0.0903971,-0.026077,-0.0327293,0.117999,0.0921427
0.35152,0.113611,0.0914068,-0.0262971,-0.0329854,0.119081,0.0931937
0.35452,0.114638,0.0924174,-0.0265169,-0.0332408,0.120164,0.0942461
0.35752,0.115665,0.0934294,-0.0267366,-0.0334957,0.121246,0.0953002
0.36052,0.116693,0.094443,-0.0269562,-0.03375,0.12233,0.0963562
0.36352,0.117722,0.0954579,-0.0271755,-0.0340038,0.123414,0.097414
0.36652,0.118751,0.096474,-0.0273946,-0.034257,0.124498,0.0984734
0.36952,0.11978,0.0974915,-0.0276136,-0.0345097,0.125583,0.0995344
0.37252,0.12081,0.0985102,-0.0278323,-0.0347618,0.126669,0.100597
0.37552,0.12184,0.09953,-0.0280508,-0.0350133,0.127754,0.101661
0.37852,0.12287,0.100551,-0.028269,-0.0352642,0.12884,0.102727
0.38152,0.1239,0.101573,-0.028487,-0.0355146,0.129927,0.103794
0.38452,0.124931,0.102596,-0.0287049,-0.0357645,0.131014,0.104862
0.38752,0.125963,0.103621,-0.0289227,-0.0360139,0.132102,0.105933
0.39052,0.126996,0.104647,-0.0291402,-0.0362628,0.133191,0.107005
0.39352,0.128029,0.105675,-0.0293576,-0.0365113,0.134281,0.108079
0.39652,0.129062,0.106704,-0.0295749,-0.0367593,0.135371,0.109155
0.39952,0.130096,0.107734,-0.0297919,-0.0370067,0.136462,0.110232
0.40252,0.131131,0.108765,-0.0300087,-0.0372537,0.137553,0.111311
0.40552,0.132166,0.109797,-0.0302252,-0.0375001,0.138645,0.112391
0.40852,0.133201,0.11083,-0.0304415,-0.0377459,0.139737,0.113472
0.41152,0.134236,0.111864,-0.0306575,-0.0379911,0.140829,0.114554
0.41452,0.135271,0.112899,-0.0308733,-0.0382359,0.141922,0.115638
0.41752,0.136308,0.113935,-0.0310889,-0.0384802,0.143016,0.116723
0.42052,0.137344,0.114971,-0.0313043,-0.0387239,0.14411,0.117809
0.42352,0.138381,0.116009,-0.0315194,-0.0389672,0.145205,0.118896
0.42652,0.139419,0.117048,-0.0317343,-0.0392099,0.1463,0.119985
0.42952,0.140456,0.118088,-0.031949,-0.0394522,0.147396,0.121075
0.43252,0.141495,0.119129,-0.0321635,-0.0396941,0.148492,0.122167
0.43552,0.142534,0.120171,-0.0323778,-0.0399355,0.14959,0.12326
0.43852,0.143574,0.121214,-0.0325919,-0.0401764,0.150688,0.124355
0.44152,0.144615,0.122259,-0.0328059,-0.040417,0.151787,0.125451
0.44452,0.145656,0.123305,-0.0330197,-0.0406572,0.152888,0.126549
0.44752,0.146699,0.124352,-0.0332333,-0.040897,0.153989,0.127649
0.45052,0.147741,0.1254,-0.0334467,-0.0411362,0.155091,0.12875
0.45352,0.148784,0.126448,-0.0336597,-0.0413749,0.156192,0.129851
0.45652,0.149827,0.127497,-0.0338725,-0.0416131,0.157295,0.130954
0.45952,0.15087,0.128547,-0.034085,-0.0418508,0.158397,0.132057
0.46252,0.151914,0.129598,-0.0342973,-0.0420881,0.159501,0.133162
0.46552,0.152958,0.13065,-0.0345093,-0.0423249,0.160605,0.134268
0.46852,0.154003,0.131703,-0.0347212,-0.0425612,0.16171,0.135376
0.47152,0.155049,0.132757,-0.0349328,-0.0427972,0.162816,0.136485
0.47452,0.156096,0.133812,-0.0351443,-0.0430328,0.163923,0.137595
0.47752,0.157144,0.134869,-0.0353556,-0.043268,0.165031,0.138707
0.48052,0.158192,0.135927,-0.0355667,-0.0435029,0.16614,0.139821
0.48352,0.159242,0.136986,-0.0357778,-0.0437375,0.16725,0.140937
0.48652,0.160292,0.138047,-0.0359886,-0.0439716,0.168362,0.142054
0.48952,0.161346,0.139111,-0.0361996,-0.0442058,0.169476,0.143175
0.49252,0.162398,0.140173,-0.0364101,-0.0444392,0.17059,0.144295
0.49552,0.163462,0.141248,-0.0366224,-0.0446746,0.171716,0.145428
0.49852,0.164516,0.142313,-0.0368326,-0.0449071,0.172832,0.146551
0.50152,0.165589,0.1434,-0.0370461,-0.0451436,0.173968,0.147697
0.50452,0.166644,0.144466,-0.0372556,-0.0453751,0.175085,0.148821
0.50752,0.167726,0.145561,-0.0374699,-0.0456121,0.176231,0.149977
0.51052,0.168781,0.146627,-0.0376786,-0.0458423,0.177348,0.151103
0.51352,0.169868,0.14773,-0.0378932,-0.0460794,0.1785,0.152266
0.51652,0.170923,0.148796,-0.0381012,-0.0463085,0.179618,0.153393
0.51952,0.172015,0.149904,-0.0383157,-0.0465452,0.180775,0.154562
0.52252,0.173069,0.15097,-0.0385228,-0.0467729,0.181892,0.155689
0.52552,0.174164,0.152081,-0.0387371,-0.047009,0.183052,0.156863
0.52852,0.175218,0.153147,-0.0389434,-0.0472354,0.18417,0.15799
0.53152,0.176315,0.154261,-0.0391573,-0.0474708,0.185333,0.159167
0.53452,0.177369,0.155327,-0.0393626,-0.0476959,0.18645,0.160295
0.53752,0.178467,0.156443,-0.039576,-0.0479305,0.187615,0.161476
0.54052,0.179521,0.15751,-0.0397805,-0.0481546,0.188733,0.162604
0.54352,0.180622,0.158629,-0.0399937,-0.0483885,0.189901,0.163789
0.54652,0.181677,0.159696,-0.0401975,-0.0486114,0.19102,0.164919
0.54952,0.182782,0.16082,-0.0404106,-0.048845,0.192193,0.166108
0.55252,0.183837,0.161888,-0.0406137,-0.0490669,0.193313,0.16724
0.55552,0.184948,0.163017,-0.0408268,-0.0493003,0.194491,0.168436
0.55852,0.186003,0.164086,-0.0410293,-0.0495212,0.195612,0.169569
0.56152,0.187119,0.165221,-0.0412425,-0.0497544,0.196796,0.170771
0.56452,0.188175,0.166291,-0.0414442,-0.0499742,0.197918,0.171905
0.56752,0.189296,0.167431,-0.0416575,-0.0502073,0.199109,0.173114
0.57052,0.190353,0.168502,-0.0418585,-0.0504261,0.200232,0.17425
0.57352,0.191479,0.169648,-0.042072,-0.0506593,0.201429,0.175467
0.57652,0.192537,0.17072,-0.0422724,-0.0508771,0.202553,0.176604
0.57952,0.19367,0.171874,-0.042486,-0.0511103,0.203757,0.177829
0.58252,0.194729,0.172947,-0.0426857,-0.0513269,0.204883,0.178967
0.58552,0.195867,0.174106,-0.0428994,-0.0515599,0.206093,0.180199
0.58852,0.196926,0.175178,-0.0430981,-0.0517753,0.207219,0.181338
0.59152,0.198067,0.176342,-0.0433115,-0.0520077,0.208433,0.182574
0.59452,0.199125,0.177414,-0.0435093,-0.0522219,0.209559,0.183713
0.59752,0.20027,0.178581,-0.0437223,-0.0524537,0.210777,0.184954
0.60052,0.201329,0.179653,-0.0439193,-0.0526667,0.211904,0.186093
0.60352,0.202477,0.180824,-0.0441321,-0.0528981,0.213126,0.187339
0.60652,0.203537,0.181897,-0.0443283,-0.05311,0.214254,0.18848
0.60952,0.20469,0.183073,-0.0445409,-0.0533411,0.215482,0.189732
0.61252,0.20575,0.184146,-0.0447364,-0.053552,0.216611,0.190874
0.61552,0.206908,0.185328,-0.0449488,-0.0537827,0.217844,0.192132
0.61852,0.207969,0.186401,-0.0451436,-0.0539925,0.218974,0.193275
0.62152,0.209132,0.187589,-0.0453561,-0.0542231,0.220215,0.194541
0.62452,0.210194,0.188664,-0.0455501,-0.054432,0.221346,0.195686
0.62752,0.211365,0.189859,-0.0457628,-0.0546626,0.222595,0.196959
0.63052,0.212428,0.190934,-0.045956,-0.0548704,0.223728,0.198106
0.63352,0.213605,0.192137,-0.0461689,-0.0551011,0.224984,0.199388
0.63652,0.214668,0.193213,-0.0463612,-0.0553076,0.226118,0.200535
0.63952,0.215851,0.19442,-0.0465739,-0.0555379,0.227379,0.201824
0.64252,0.216913,0.195495,-0.0467652,-0.0557432,0.228513,0.202971
0.64552,0.218097,0.196704,-0.0469771,-0.0559724,0.229777,0.204261
0.64852,0.21916,0.19778,-0.0471675,-0.0561766,0.230911,0.205409
0.65152,0.220345,0.19899,-0.0473786,-0.0564048,0.232177,0.206702
0.65452,0.221409,0.200066,-0.0475683,-0.0566079,0.233313,0.207851
0.65752,0.222596,0.201279,-0.0477787,-0.0568352,0.234581,0.209147
0.66052,0.223661,0.202355,-0.0479675,-0.0570374,0.235719,0.210297
0.66352,0.22485,0.20357,-0.0481772,-0.0572638,0.23699,0.211596
0.66652,0.225916,0.204648,-0.0483654,-0.057465,0.238129,0.212748
0.66952,0.227108,0.205865,-0.0485745,-0.0576906,0.239403,0.21405
0.67252,0.228175,0.206944,-0.0487619,-0.0578909,0.240544,0.215204
0.67552,0.22937,0.208164,-0.0489705,-0.0581158,0.241822,0.21651
0.67852,0.230439,0.209245,-0.0491572,-0.0583153,0.242966,0.217667
0.68152,0.231637,0.210468,-0.0493653,-0.0585394,0.244248,0.218976
0.68452,0.232708,0.211551,-0.0495514,-0.058738,0.245393,0.220135
0.68752,0.233908,0.212777,-0.0497588,-0.0589613,0.246679,0.221449
0.69052,0.234981,0.213861,-0.0499442,-0.0591591,0.247827,0.22261
0.69352,0.236184,0.21509,-0.050151,-0.0593816,0.249116,0.223927
0.69652,0.237258,0.216175,-0.0503357,-0.0595786,0.250266,0.22509
0.69952,0.238465,0.217407,-0.050542,-0.0598003,0.251559,0.226411
0.70252,0.239541,0.218495,-0.0507261,-0.0599965,0.252712,0.227578
0.70552,0.240751,0.21973,-0.0509318,-0.0602175,0.254009,0.228903
0.70852,0.241829,0.220819,-0.0511152,-0.0604128,0.255165,0.230071
0.71152,0.243042,0.222057,-0.0513204,-0.0606331,0.256466,0.231401
0.71452,0.244122,0.223149,-0.0515031,-0.0608276,0.257624,0.232572
0.71752,0.245339,0.224391,-0.0517077,-0.0610472,0.25893,0.233906
0.72052,0.246421,0.225484,-0.0518898,-0.0612409,0.26009,0.23508
0.72352,0.247642,0.226729,-0.0520939,-0.0614597,0.261401,0.236418
0.72652,0.248726,0.227825,-0.0522753,-0.0616526,0.262565,0.237595
0.72952,0.24995,0.229073,-0.0524789,-0.0618707,0.263879,0.238938
0.73252,0.251037,0.230171,-0.0526597,-0.0620629,0.265046,0.240118
0.73552,0.252264,0.231423,-0.0528626,-0.0622802,0.266365,0.241464
0.73852,0.253353,0.232523,-0.0530428,-0.0624716,0.267535,0.242648
0.74152,0.254585,0.233779,-0.0532452,-0.0626882,0.268859,0.243999
0.74452,0.255676,0.234881,-0.0534247,-0.0628788,0.270032,0.245186
0.74752,0.256911,0.23614,-0.0536265,-0.0630947,0.271361,0.246541
0.75052,0.258005,0.237245,-0.0538054,-0.0632845,0.272537,0.247732
0.75352,0.259244,0.238508,-0.0540067,-0.0634997,0.27387,0.249092
0.75652,0.260341,0.239616,-0.054185,-0.0636888,0.27505,0.250285
0.75952,0.261584,0.240882,-0.0543856,-0.0639032,0.276388,0.25165
0.76252,0.262683,0.241992,-0.0545633,-0.0640915,0.277572,0.252847
0.76552,0.26393,0.243262,-0.0547634,-0.0643052,0.278915,0.254217
0.76852,0.265033,0.244375,-0.0549404,-0.0644928,0.280102,0.255418
0.77152,0.266284,0.245649,-0.0551399,-0.0647057,0.28145,0.256793
0.77452,0.267389,0.246765,-0.0553164,-0.0648925,0.282641,0.257997
0.77752,0.268644,0.248043,-0.0555153,-0.0651047,0.283994,0.259377
0.78052,0.269752,0.249162,-0.0556911,-0.0652908,0.285189,0.260585
0.78352,0.271011,0.250444,-0.0558894,-0.0655022,0.286547,0.26197
0.78652,0.272122,0.251565,-0.0560645,-0.0656875,0.287746,0.263181
0.78952,0.273386,0.252851,-0.0562622,-0.0658982,0.289109,0.264571
0.79252,0.2745,0.253975,-0.0564367,-0.0660827,0.290312,0.265787
0.79552,0.275767,0.255265,-0.0566338,-0.0662926,0.29168,0.267181
0.79852,0.276884,0.256392,-0.0568076,-0.0664763,0.292886,0.2684
0.80152,0.278156,0.257685,-0.057004,-0.0666853,0.29426,0.2698
0.80452,0.279276,0.258815,-0.0571772,-0.0668683,0.29547,0.271023
0.80752,0.280551,0.260112,-0.0573729,-0.0670765,0.296849,0.272428
0.81052,0.281674,0.261245,-0.0575453,-0.0672586,0.298063,0.273654
0.81352,0.282954,0.262547,-0.0577404,-0.0674661,0.299447,0.275065
0.81652,0.28408,0.263682,-0.0579122,-0.0676474,0.300665,0.276295
0.81952,0.285364,0.264988,-0.0581066,-0.0678541,0.302055,0.277711
0.82252,0.286494,0.266127,-0.0582777,-0.0680345,0.303277,0.278945
0.82552,0.287783,0.267437,-0.0584715,-0.0682404,0.304672,0.280366
0.82852,0.288915,0.268578,-0.0586419,-0.06842,0.305898,0.281604
0.83152,0.290208,0.269893,-0.058835,-0.0686251,0.3073,0.283031
0.83452,0.291344,0.271037,-0.0590046,-0.0688039,0.30853,0.284273
0.83752,0.292642,0.272356,-0.0591971,-0.0690082,0.309937,0.285706
0.84052,0.293781,0.273504,-0.0593661,-0.0691862,0.311172,0.286952
0.84352,0.295084,0.274827,-0.0595578,-0.0693896,0.312585,0.28839
0.84652,0.296227,0.275978,-0.0597261,-0.0695668,0.313824,0.289641
0.84952,0.297534,0.277306,-0.0599171,-0.0697694,0.315243,0.291085
0.85252,0.29868,0.278459,-0.0600847,-0.0699457,0.316486,0.29234
0.85552,0.299992,0.279792,-0.060275,-0.0701475,0.317911,0.29379
0.85852,0.301142,0.280949,-0.0604418,-0.0703229,0.319159,0.295049
0.86152,0.302459,0.282287,-0.0606315,-0.0705239,0.320591,0.296505
0.86452,0.303612,0.283447,-0.0607976,-0.0706985,0.321843,0.297768
0.86752,0.304934,0.284789,-0.0609864,-0.0708985,0.323281,0.29923
0.87052,0.306091,0.285953,-0.0611518,-0.0710723,0.324538,0.300499
0.87352,0.307417,0.287299,-0.0613398,-0.0712714,0.325981,0.301966
0.87652,0.308579,0.288467,-0.0615045,-0.0714443,0.327244,0.303239
0.87952,0.30991,0.289818,-0.0616917,-0.0716425,0.328693,0.304713
0.88252,0.311075,0.290989,-0.0618557,-0.0718145,0.329961,0.30599
0.88552,0.312411,0.292345,-0.0620421,-0.0720118,0.331416,0.307471
0.88852,0.31358,0.29352,-0.0622053,-0.0721829,0.332689,0.308753
0.89152,0.314921,0.294881,-0.062391,-0.0723793,0.334151,0.310239
0.89452,0.316094,0.296059,-0.0625534,-0.0725496,0.335429,0.311526
0.89752,0.317441,0.297425,-0.0627383,-0.072745,0.336898,0.313019
0.90052,0.318617,0.298606,-0.0628998,-0.0729144,0.33818,0.31431
0.90352,0.319969,0.299977,-0.063084,-0.0731089,0.339656,0.31581
0.90652,0.321149,0.301163,-0.0632447,-0.0732773,0.340943,0.317106
0.90952,0.322507,0.302539,-0.063428,-0.0734709,0.342426,0.318612
0.91252,0.323691,0.303728,-0.063588,-0.0736384,0.343718,0.319913
0.91552,0.325054,0.305109,-0.0637705,-0.073831,0.345208,0.321426
0.91852,0.326242,0.306302,-0.0639295,-0.0739975,0.346506,0.322732
0.92152,0.327611,0.307688,-0.0641111,-0.0741891,0.348002,0.324251
0.92452,0.328802,0.308883,-0.0642692,-0.0743545,0.349304,0.32556
0.92752,0.330174,0.310272,-0.0644497,-0.0745448,0.350805,0.327084
0.93052,0.331367,0.311468,-0.0646067,-0.074709,0.35211,0.328396
0.93352,0.332741,0.312859,-0.0647859,-0.074898,0.353615,0.329923
0.93652,0.333935,0.314057,-0.0649417,-0.0750608,0.354922,0.331237
0.93952,0.335313,0.31545,-0.0651196,-0.0752484,0.35643,0.332767
0.94252,0.336507,0.316649,-0.0652741,-0.0754098,0.357739,0.334083
0.94552,0.337887,0.318044,-0.0654508,-0.0755959,0.359251,0.335617
0.94852,0.339083,0.319243,-0.0656039,-0.075756,0.360562,0.336934
0.95152,0.340465,0.320642,-0.0657793,-0.0759407,0.362079,0.338472
0.95452,0.341662,0.321841,-0.0659312,-0.0760993,0.363391,0.33979
0.95752,0.343047,0.323242,-0.0661054,-0.0762825,0.364912,0.341332
0.96052,0.344245,0.324442,-0.0662559,-0.0764397,0.366226,0.342653
0.96352,0.345633,0.325845,-0.0664288,-0.0766215,0.367751,0.344198
0.96652,0.346832,0.327046,-0.0665781,-0.0767772,0.369067,0.34552
0.96952,0.348223,0.328452,-0.0667497,-0.0769576,0.370596,0.34707
0.97252,0.349422,0.329653,-0.0668977,-0.0771119,0.371914,0.348394
0.97552,0.350816,0.331062,-0.0670679,-0.0772908,0.373447,0.349948
